Id,OrgId,ParentMaterialId,ChildMaterialId,Quantity,Position,ScrapRate,BomViewType,Level,ValidFrom,ValidTo,VersionState,CreatedAt,UpdatedAt
1,1,43,352,4.62,75,0.0066,EBOM,1,2025-07-29,,Released,"2026-07-16 13:58:28","2026-07-16 13:58:28"
2,1,43,254,2.4,85,0.0075,EBOM,1,2026-01-09,,Released,"2026-07-16 13:58:28","2026-07-16 13:58:28"
3,1,43,393,4.78,43,0.0195,EBOM,1,2026-02-07,,Draft,"2026-07-16 13:58:28","2026-07-16 13:58:28"
4,1,43,105,2.01,53,0.0245,EBOM,1,2026-06-12,,Released,"2026-07-16 13:58:28","2026-07-16 13:58:28"
5,1,43,463,3.85,56,0.019,CBOM,1,2026-01-24,,Released,"2026-07-16 13:58:28","2026-07-16 13:58:28"
6,1,43,90,4.47,66,0.0198,MBOM,1,2025-11-25,,Released,"2026-07-16 13:58:28","2026-07-16 13:58:28"
7,1,487,76,4.63,92,0.0206,EBOM,1,2025-08-17,,Released,"2026-07-16 13:58:28","2026-07-16 13:58:28"
8,1,487,490,1.71,41,0.022,MBOM,1,2026-04-18,,Released,"2026-07-16 13:58:28","2026-07-16 13:58:28"
9,1,487,448,2.69,62,0.0089,EBOM,1,2026-04-27,,Released,"2026-07-16 13:58:28","2026-07-16 13:58:28"
10,1,196,448,2.03,30,0.0089,EBOM,2,2026-04-27,,Released,"2026-07-16 13:58:28","2026-07-16 13:58:28"
11,1,487,340,3.58,69,0.0024,EBOM,1,2025-07-20,,Released,"2026-07-16 13:58:28","2026-07-16 13:58:28"
12,1,487,280,2.92,39,0.0215,EBOM,1,2025-09-26,,Released,"2026-07-16 13:58:28","2026-07-16 13:58:28"
13,1,139,455,2.71,52,0.0089,EBOM,1,2026-04-07,,Released,"2026-07-16 13:58:28","2026-07-16 13:58:28"
14,1,139,297,4.16,76,0.0066,EBOM,1,2025-12-23,,Draft,"2026-07-16 13:58:28","2026-07-16 13:58:28"
15,1,139,84,4.89,2,0.0232,EBOM,1,2026-05-14,,Released,"2026-07-16 13:58:28","2026-07-16 13:58:28"
16,1,139,96,2.64,93,0.0135,EBOM,1,2026-07-01,,Released,"2026-07-16 13:58:28","2026-07-16 13:58:28"
17,1,196,466,4.63,74,0.0239,EBOM,1,2026-03-10,,Released,"2026-07-16 13:58:28","2026-07-16 13:58:28"
18,1,196,222,4.49,58,0.0188,EBOM,1,2026-06-01,,Released,"2026-07-16 13:58:28","2026-07-16 13:58:28"
19,1,196,201,3.28,41,0.021,EBOM,1,2025-10-29,,Released,"2026-07-16 13:58:28","2026-07-16 13:58:28"
20,1,196,143,4.11,84,0.0289,MBOM,1,2026-04-22,,Obsolete,"2026-07-16 13:58:28","2026-07-16 13:58:28"
21,1,196,277,1.65,94,0.0083,MBOM,1,2025-12-14,,Released,"2026-07-16 13:58:28","2026-07-16 13:58:28"
22,1,433,338,4.67,98,0.0219,MBOM,1,2026-04-24,,Released,"2026-07-16 13:58:28","2026-07-16 13:58:28"
23,1,433,498,2.57,77,0.0219,EBOM,1,2025-09-15,,Released,"2026-07-16 13:58:28","2026-07-16 13:58:28"
24,1,433,114,1.55,83,0.0231,EBOM,1,2026-04-08,,Released,"2026-07-16 13:58:28","2026-07-16 13:58:28"
25,1,2,114,1.34,89,0.0231,EBOM,2,2026-04-08,,Released,"2026-07-16 13:58:28","2026-07-16 13:58:28"
26,1,433,148,3.5,10,0.0213,EBOM,1,2026-03-12,,Released,"2026-07-16 13:58:28","2026-07-16 13:58:28"
27,1,22,405,4.94,66,0.0239,EBOM,1,2026-06-22,,Released,"2026-07-16 13:58:28","2026-07-16 13:58:28"
28,1,22,123,3.49,76,0.0252,EBOM,1,2026-05-31,,Released,"2026-07-16 13:58:28","2026-07-16 13:58:28"
29,1,22,36,3.37,52,0.0135,EBOM,1,2026-06-13,,Released,"2026-07-16 13:58:28","2026-07-16 13:58:28"
30,1,22,406,3.39,59,0.0278,EBOM,1,2025-12-25,,Released,"2026-07-16 13:58:28","2026-07-16 13:58:28"
31,1,22,53,4.21,23,0.0191,EBOM,1,2025-11-27,,Released,"2026-07-16 13:58:28","2026-07-16 13:58:28"
32,1,44,191,1.67,28,0.0232,EBOM,1,2025-11-23,,Released,"2026-07-16 13:58:28","2026-07-16 13:58:28"
33,1,44,80,4.95,9,0.0101,EBOM,1,2025-09-04,,Released,"2026-07-16 13:58:28","2026-07-16 13:58:28"
34,1,44,158,2.06,86,0.0002,EBOM,1,2025-07-21,,Released,"2026-07-16 13:58:28","2026-07-16 13:58:28"
35,1,44,374,2.08,21,0.0063,EBOM,1,2026-06-19,,Released,"2026-07-16 13:58:28","2026-07-16 13:58:28"
36,1,44,324,4.95,38,0.0234,EBOM,1,2026-01-02,,Released,"2026-07-16 13:58:28","2026-07-16 13:58:28"
37,1,44,305,1.23,7,0.0296,EBOM,1,2026-05-12,,Released,"2026-07-16 13:58:28","2026-07-16 13:58:28"
38,1,44,121,4.99,97,0.0128,MBOM,1,2026-04-10,,Released,"2026-07-16 13:58:28","2026-07-16 13:58:28"
39,1,391,229,2.87,56,0.0121,EBOM,1,2026-07-08,,Released,"2026-07-16 13:58:28","2026-07-16 13:58:28"
40,1,391,95,1.77,55,0.0117,EBOM,1,2026-06-19,,Obsolete,"2026-07-16 13:58:28","2026-07-16 13:58:28"
41,1,391,441,3.93,3,0.0017,EBOM,1,2025-10-31,,Released,"2026-07-16 13:58:28","2026-07-16 13:58:28"
42,1,391,328,2.91,78,0.0021,MBOM,1,2025-09-25,,Released,"2026-07-16 13:58:28","2026-07-16 13:58:28"
43,1,256,475,1.92,19,0.0037,MBOM,1,2025-09-29,,Draft,"2026-07-16 13:58:28","2026-07-16 13:58:28"
44,1,256,227,4.27,89,0.0008,EBOM,1,2026-01-17,,Released,"2026-07-16 13:58:28","2026-07-16 13:58:28"
45,1,256,20,3.76,82,0.0171,EBOM,1,2026-02-05,,Released,"2026-07-16 13:58:28","2026-07-16 13:58:28"
46,1,22,20,1.32,17,0.0171,EBOM,2,2026-02-05,,Released,"2026-07-16 13:58:28","2026-07-16 13:58:28"
47,1,318,154,2.33,76,0.0065,EBOM,1,2025-11-30,,Released,"2026-07-16 13:58:28","2026-07-16 13:58:28"
48,1,318,138,2.13,27,0.0254,EBOM,1,2026-04-17,,Released,"2026-07-16 13:58:28","2026-07-16 13:58:28"
49,1,318,491,2.51,82,0.0267,EBOM,1,2025-10-30,,Released,"2026-07-16 13:58:28","2026-07-16 13:58:28"
50,1,318,421,4.3,28,0.0035,EBOM,1,2026-03-05,,Released,"2026-07-16 13:58:28","2026-07-16 13:58:28"
51,1,318,186,1.4,8,0.0299,EBOM,1,2025-07-30,,Obsolete,"2026-07-16 13:58:28","2026-07-16 13:58:28"
52,1,318,272,2.85,6,0.0057,EBOM,1,2026-02-20,,Released,"2026-07-16 13:58:28","2026-07-16 13:58:28"
53,1,318,128,2.6,99,0.0132,MBOM,1,2026-03-04,,Released,"2026-07-16 13:58:28","2026-07-16 13:58:28"
54,1,318,327,1.46,40,0.0157,EBOM,1,2026-02-03,,Released,"2026-07-16 13:58:28","2026-07-16 13:58:28"
55,1,492,19,4.18,85,0.0029,EBOM,1,2026-01-20,,Released,"2026-07-16 13:58:28","2026-07-16 13:58:28"
56,1,492,446,3.3,70,0.0165,EBOM,1,2026-05-09,,Released,"2026-07-16 13:58:28","2026-07-16 13:58:28"
57,1,492,78,1.0,67,0.0285,MBOM,1,2025-10-10,,Released,"2026-07-16 13:58:28","2026-07-16 13:58:28"
58,1,359,189,2.12,7,0.0296,EBOM,1,2025-07-22,,Released,"2026-07-16 13:58:28","2026-07-16 13:58:28"
59,1,359,70,3.7,62,0.0105,MBOM,1,2026-03-07,,Released,"2026-07-16 13:58:28","2026-07-16 13:58:28"
60,1,359,456,3.27,33,0.0127,EBOM,1,2025-12-28,,Released,"2026-07-16 13:58:28","2026-07-16 13:58:28"
61,1,359,23,2.25,61,0.016,EBOM,1,2026-02-15,,Released,"2026-07-16 13:58:28","2026-07-16 13:58:28"
62,1,359,319,2.68,25,0.0026,EBOM,1,2026-02-11,,Released,"2026-07-16 13:58:28","2026-07-16 13:58:28"
63,1,359,496,3.01,69,0.006,EBOM,1,2026-03-01,,Released,"2026-07-16 13:58:28","2026-07-16 13:58:28"
64,1,359,396,2.33,78,0.0167,EBOM,1,2025-10-08,,Released,"2026-07-16 13:58:28","2026-07-16 13:58:28"
65,1,359,183,3.23,21,0.0262,EBOM,1,2026-01-07,,Released,"2026-07-16 13:58:28","2026-07-16 13:58:28"
66,1,214,135,2.05,27,0.002,EBOM,1,2026-02-01,,Released,"2026-07-16 13:58:28","2026-07-16 13:58:28"
67,1,214,203,3.66,23,0.0228,MBOM,1,2026-03-03,,Draft,"2026-07-16 13:58:28","2026-07-16 13:58:28"
68,1,214,404,2.52,97,0.0084,EBOM,1,2025-11-26,,Released,"2026-07-16 13:58:28","2026-07-16 13:58:28"
69,1,214,245,3.03,21,0.0019,EBOM,1,2025-09-16,,Released,"2026-07-16 13:58:28","2026-07-16 13:58:28"
70,1,214,260,1.24,63,0.0067,EBOM,1,2026-07-01,,Draft,"2026-07-16 13:58:28","2026-07-16 13:58:28"
71,1,443,260,1.12,23,0.0067,EBOM,2,2026-07-01,,Draft,"2026-07-16 13:58:28","2026-07-16 13:58:28"
72,1,214,93,2.03,2,0.0021,EBOM,1,2025-12-02,,Released,"2026-07-16 13:58:28","2026-07-16 13:58:28"
73,1,60,246,3.81,99,0.0042,MBOM,1,2025-08-13,,Draft,"2026-07-16 13:58:28","2026-07-16 13:58:28"
74,1,60,157,4.71,39,0.0227,EBOM,1,2026-07-15,,Released,"2026-07-16 13:58:28","2026-07-16 13:58:28"
75,1,43,157,2.21,54,0.0227,EBOM,2,2026-07-15,,Released,"2026-07-16 13:58:28","2026-07-16 13:58:28"
76,1,60,268,2.32,67,0.0219,EBOM,1,2026-07-11,,Draft,"2026-07-16 13:58:28","2026-07-16 13:58:28"
77,1,389,476,4.63,2,0.0107,EBOM,1,2026-01-02,,Draft,"2026-07-16 13:58:28","2026-07-16 13:58:28"
78,1,60,476,2.02,76,0.0107,EBOM,2,2026-01-02,,Draft,"2026-07-16 13:58:28","2026-07-16 13:58:28"
79,1,389,210,1.54,70,0.0072,EBOM,1,2025-07-26,,Released,"2026-07-16 13:58:28","2026-07-16 13:58:28"
80,1,389,46,3.81,59,0.0131,MBOM,1,2025-07-31,,Obsolete,"2026-07-16 13:58:28","2026-07-16 13:58:28"
81,1,389,59,2.63,64,0.0205,EBOM,1,2026-06-15,,Released,"2026-07-16 13:58:28","2026-07-16 13:58:28"
82,1,389,361,3.8,39,0.0173,EBOM,1,2026-05-09,,Released,"2026-07-16 13:58:28","2026-07-16 13:58:28"
83,1,389,485,4.82,27,0.0182,MBOM,1,2026-05-03,,Released,"2026-07-16 13:58:28","2026-07-16 13:58:28"
84,1,452,400,2.95,78,0.0133,EBOM,1,2025-08-26,,Released,"2026-07-16 13:58:28","2026-07-16 13:58:28"
85,1,452,383,1.06,37,0.0267,CBOM,1,2025-10-09,,Released,"2026-07-16 13:58:28","2026-07-16 13:58:28"
86,1,452,91,4.79,66,0.0236,EBOM,1,2025-09-03,,Released,"2026-07-16 13:58:28","2026-07-16 13:58:28"
87,1,494,435,2.25,99,0.005,EBOM,1,2025-10-17,,Released,"2026-07-16 13:58:28","2026-07-16 13:58:28"
88,1,494,419,2.28,67,0.0009,EBOM,1,2026-06-07,,Released,"2026-07-16 13:58:28","2026-07-16 13:58:28"
89,1,494,390,4.77,20,0.0148,EBOM,1,2025-08-17,,Released,"2026-07-16 13:58:28","2026-07-16 13:58:28"
90,1,443,202,3.35,97,0.0204,EBOM,1,2026-04-14,,Released,"2026-07-16 13:58:28","2026-07-16 13:58:28"
91,1,452,202,2.14,33,0.0204,EBOM,2,2026-04-14,,Released,"2026-07-16 13:58:28","2026-07-16 13:58:28"
92,1,443,3,4.97,69,0.0173,EBOM,1,2026-01-03,,Released,"2026-07-16 13:58:28","2026-07-16 13:58:28"
93,1,492,3,1.9,1,0.0173,EBOM,2,2026-01-03,,Released,"2026-07-16 13:58:28","2026-07-16 13:58:28"
94,1,443,225,1.19,92,0.0012,EBOM,1,2026-03-18,,Released,"2026-07-16 13:58:28","2026-07-16 13:58:28"
95,1,375,31,3.44,16,0.0289,MBOM,1,2026-06-10,,Released,"2026-07-16 13:58:28","2026-07-16 13:58:28"
96,1,214,31,2.83,79,0.0289,MBOM,2,2026-06-10,,Released,"2026-07-16 13:58:28","2026-07-16 13:58:28"
97,1,375,34,2.39,68,0.0299,EBOM,1,2026-01-24,,Released,"2026-07-16 13:58:28","2026-07-16 13:58:28"
98,1,375,274,2.63,78,0.008,EBOM,1,2025-08-02,,Released,"2026-07-16 13:58:28","2026-07-16 13:58:28"
99,1,375,478,2.42,15,0.0296,EBOM,1,2025-12-28,,Released,"2026-07-16 13:58:28","2026-07-16 13:58:28"
100,1,375,42,1.68,89,0.0153,MBOM,1,2026-06-10,,Released,"2026-07-16 13:58:28","2026-07-16 13:58:28"
101,1,375,429,2.61,62,0.002,EBOM,1,2025-09-24,,Released,"2026-07-16 13:58:28","2026-07-16 13:58:28"
102,1,43,429,2.14,29,0.002,EBOM,2,2025-09-24,,Released,"2026-07-16 13:58:28","2026-07-16 13:58:28"
103,1,342,387,3.62,46,0.0155,EBOM,1,2026-01-02,,Released,"2026-07-16 13:58:28","2026-07-16 13:58:28"
104,1,342,15,1.79,52,0.0179,EBOM,1,2026-05-25,,Released,"2026-07-16 13:58:28","2026-07-16 13:58:28"
105,1,342,420,1.16,90,0.0053,EBOM,1,2026-01-20,,Released,"2026-07-16 13:58:28","2026-07-16 13:58:28"
106,1,342,184,3.61,6,0.0001,EBOM,1,2026-05-04,,Released,"2026-07-16 13:58:28","2026-07-16 13:58:28"
107,1,216,270,2.66,24,0.0079,EBOM,1,2026-04-01,,Released,"2026-07-16 13:58:28","2026-07-16 13:58:28"
108,1,216,67,4.77,3,0.0002,EBOM,1,2026-01-13,,Released,"2026-07-16 13:58:28","2026-07-16 13:58:28"
109,1,216,178,2.83,92,0.0003,EBOM,1,2025-11-13,,Released,"2026-07-16 13:58:28","2026-07-16 13:58:28"
110,1,216,376,1.79,51,0.0147,EBOM,1,2026-05-19,,Obsolete,"2026-07-16 13:58:28","2026-07-16 13:58:28"
111,1,216,18,2.7,25,0.0255,CBOM,1,2026-02-21,,Released,"2026-07-16 13:58:28","2026-07-16 13:58:28"
112,1,216,381,2.38,54,0.0152,EBOM,1,2026-05-27,,Released,"2026-07-16 13:58:28","2026-07-16 13:58:28"
113,1,216,28,2.48,74,0.0087,EBOM,1,2025-10-29,,Released,"2026-07-16 13:58:28","2026-07-16 13:58:28"
114,1,380,279,3.89,77,0.0172,EBOM,1,2025-08-31,,Released,"2026-07-16 13:58:28","2026-07-16 13:58:28"
115,1,389,279,1.99,72,0.0172,EBOM,2,2025-08-31,,Released,"2026-07-16 13:58:28","2026-07-16 13:58:28"
116,1,380,102,2.2,30,0.0156,EBOM,1,2026-05-21,,Released,"2026-07-16 13:58:28","2026-07-16 13:58:28"
117,1,380,300,3.13,78,0.0034,EBOM,1,2026-01-14,,Draft,"2026-07-16 13:58:28","2026-07-16 13:58:28"
118,1,380,447,4.9,37,0.0248,EBOM,1,2026-05-04,,Released,"2026-07-16 13:58:28","2026-07-16 13:58:28"
119,1,438,61,2.11,51,0.0203,EBOM,1,2026-02-01,,Released,"2026-07-16 13:58:28","2026-07-16 13:58:28"
120,1,438,151,2.51,3,0.0172,EBOM,1,2025-10-05,,Released,"2026-07-16 13:58:28","2026-07-16 13:58:28"
121,1,438,98,1.73,63,0.0167,EBOM,1,2025-10-02,,Released,"2026-07-16 13:58:28","2026-07-16 13:58:28"
122,1,438,177,1.16,39,0.0199,EBOM,1,2025-09-30,,Released,"2026-07-16 13:58:28","2026-07-16 13:58:28"
123,1,438,136,3.73,23,0.0252,MBOM,1,2026-06-03,,Released,"2026-07-16 13:58:28","2026-07-16 13:58:28"
124,1,303,450,4.12,95,0.0109,EBOM,1,2026-07-07,,Released,"2026-07-16 13:58:28","2026-07-16 13:58:28"
125,1,303,25,3.83,89,0.0044,EBOM,1,2025-08-04,,Obsolete,"2026-07-16 13:58:28","2026-07-16 13:58:28"
126,1,303,408,3.09,2,0.0167,EBOM,1,2025-07-30,,Released,"2026-07-16 13:58:28","2026-07-16 13:58:28"
127,1,303,21,1.12,73,0.0167,MBOM,1,2026-06-04,,Released,"2026-07-16 13:58:28","2026-07-16 13:58:28"
128,1,303,255,1.46,85,0.0159,EBOM,1,2025-09-29,,Released,"2026-07-16 13:58:28","2026-07-16 13:58:28"
129,1,214,255,1.37,9,0.0159,EBOM,2,2025-09-29,,Released,"2026-07-16 13:58:28","2026-07-16 13:58:28"
130,1,303,321,3.03,90,0.0024,EBOM,1,2026-02-26,,Released,"2026-07-16 13:58:28","2026-07-16 13:58:28"
131,1,2,65,4.61,64,0.0179,EBOM,1,2026-02-19,,Released,"2026-07-16 13:58:28","2026-07-16 13:58:28"
132,1,2,9,1.18,43,0.0224,MBOM,1,2025-09-25,,Released,"2026-07-16 13:58:28","2026-07-16 13:58:28"
133,1,2,488,3.47,27,0.0178,EBOM,1,2025-12-04,,Released,"2026-07-16 13:58:28","2026-07-16 13:58:28"
134,1,303,488,1.07,37,0.0178,EBOM,2,2025-12-04,,Released,"2026-07-16 13:58:28","2026-07-16 13:58:28"
135,1,2,164,4.49,68,0.0045,EBOM,1,2026-05-21,,Released,"2026-07-16 13:58:28","2026-07-16 13:58:28"
136,1,2,140,2.35,71,0.0134,EBOM,1,2025-08-21,,Draft,"2026-07-16 13:58:28","2026-07-16 13:58:28"
137,1,2,461,1.9,68,0.0208,EBOM,1,2026-03-18,,Released,"2026-07-16 13:58:28","2026-07-16 13:58:28"
138,1,43,265,4.43,50,0.023,EBOM,1,2026-01-17,,Released,"2026-07-16 13:58:28","2026-07-16 13:58:28"
139,1,43,444,4.01,42,0.0292,CBOM,1,2025-12-24,,Released,"2026-07-16 13:58:28","2026-07-16 13:58:28"
140,1,43,322,4.18,10,0.0141,EBOM,1,2026-06-24,,Released,"2026-07-16 13:58:28","2026-07-16 13:58:28"
141,1,43,188,2.56,58,0.0167,EBOM,1,2025-08-29,,Released,"2026-07-16 13:58:28","2026-07-16 13:58:28"
142,1,43,356,1.94,8,0.02,EBOM,1,2026-03-08,,Released,"2026-07-16 13:58:28","2026-07-16 13:58:28"
143,1,487,228,4.83,86,0.0268,EBOM,1,2025-09-14,,Released,"2026-07-16 13:58:28","2026-07-16 13:58:28"
144,1,487,209,3.72,34,0.0273,EBOM,1,2025-09-25,,Released,"2026-07-16 13:58:28","2026-07-16 13:58:28"
145,1,487,418,3.09,21,0.0211,EBOM,1,2026-02-01,,Released,"2026-07-16 13:58:28","2026-07-16 13:58:28"
146,1,487,170,4.59,31,0.0249,EBOM,1,2025-08-16,,Released,"2026-07-16 13:58:28","2026-07-16 13:58:28"
147,1,487,108,4.73,39,0.0165,EBOM,1,2026-03-13,,Released,"2026-07-16 13:58:28","2026-07-16 13:58:28"
148,1,44,108,2.47,93,0.0165,EBOM,2,2026-03-13,,Released,"2026-07-16 13:58:28","2026-07-16 13:58:28"
149,1,487,288,2.52,12,0.0159,EBOM,1,2026-06-27,,Released,"2026-07-16 13:58:28","2026-07-16 13:58:28"
150,1,487,479,2.62,87,0.027,EBOM,1,2026-01-27,,Released,"2026-07-16 13:58:28","2026-07-16 13:58:28"
151,1,139,457,2.87,63,0.0018,MBOM,1,2026-06-23,,Released,"2026-07-16 13:58:28","2026-07-16 13:58:28"
152,1,139,185,2.2,60,0.0224,EBOM,1,2026-03-07,,Obsolete,"2026-07-16 13:58:28","2026-07-16 13:58:28"
153,1,139,306,1.38,93,0.0077,EBOM,1,2025-07-29,,Released,"2026-07-16 13:58:28","2026-07-16 13:58:28"
154,1,139,179,2.65,62,0.0293,EBOM,1,2025-10-30,,Released,"2026-07-16 13:58:28","2026-07-16 13:58:28"
155,1,139,92,2.47,29,0.0162,EBOM,1,2025-11-11,,Released,"2026-07-16 13:58:28","2026-07-16 13:58:28"
156,1,139,415,1.18,98,0.0061,EBOM,1,2025-09-22,,Released,"2026-07-16 13:58:28","2026-07-16 13:58:28"
157,1,23,460,2.12,95,0.0004,MBOM,2,2026-04-25,,Released,"2026-07-16 13:58:28","2026-07-16 13:58:28"
158,1,23,397,2.9,23,0.0085,EBOM,2,2025-12-13,,Released,"2026-07-16 13:58:28","2026-07-16 13:58:28"
159,1,23,26,1.36,94,0.0087,EBOM,2,2026-01-29,,Released,"2026-07-16 13:58:28","2026-07-16 13:58:28"
160,1,23,122,2.78,39,0.0167,MBOM,2,2026-05-29,,Released,"2026-07-16 13:58:28","2026-07-16 13:58:28"
161,1,23,17,2.31,58,0.0013,MBOM,2,2026-05-27,,Released,"2026-07-16 13:58:28","2026-07-16 13:58:28"
162,1,23,347,1.22,17,0.0009,EBOM,2,2025-09-24,,Released,"2026-07-16 13:58:28","2026-07-16 13:58:28"
163,1,143,38,1.88,37,0.0117,CBOM,2,2025-12-26,,Released,"2026-07-16 13:58:28","2026-07-16 13:58:28"
164,1,164,38,2.01,70,0.0117,CBOM,3,2025-12-26,,Released,"2026-07-16 13:58:28","2026-07-16 13:58:28"
165,1,143,489,1.21,43,0.0201,EBOM,2,2026-01-30,,Released,"2026-07-16 13:58:28","2026-07-16 13:58:28"
166,1,143,295,1.93,67,0.0088,EBOM,2,2026-04-20,,Released,"2026-07-16 13:58:28","2026-07-16 13:58:28"
167,1,143,27,2.11,12,0.0021,EBOM,2,2026-04-12,,Released,"2026-07-16 13:58:28","2026-07-16 13:58:28"
168,1,143,312,2.76,65,0.0273,EBOM,2,2026-05-13,,Released,"2026-07-16 13:58:28","2026-07-16 13:58:28"
169,1,143,153,2.69,90,0.0087,MBOM,2,2025-07-18,,Released,"2026-07-16 13:58:28","2026-07-16 13:58:28"
170,1,143,233,1.32,11,0.0195,EBOM,2,2025-08-09,,Draft,"2026-07-16 13:58:28","2026-07-16 13:58:28"
171,1,36,226,2.85,53,0.0056,MBOM,2,2025-10-25,,Released,"2026-07-16 13:58:28","2026-07-16 13:58:28"
172,1,76,226,1.64,39,0.0056,MBOM,3,2025-10-25,,Released,"2026-07-16 13:58:28","2026-07-16 13:58:28"
173,1,36,495,2.84,62,0.0068,EBOM,2,2025-10-12,,Released,"2026-07-16 13:58:28","2026-07-16 13:58:28"
174,1,36,241,1.34,78,0.0186,EBOM,2,2026-07-15,,Released,"2026-07-16 13:58:28","2026-07-16 13:58:28"
175,1,36,366,1.33,89,0.0119,EBOM,2,2026-02-13,,Released,"2026-07-16 13:58:28","2026-07-16 13:58:28"
176,1,228,366,1.49,18,0.0119,EBOM,3,2026-02-13,,Released,"2026-07-16 13:58:28","2026-07-16 13:58:28"
177,1,36,40,1.51,32,0.0151,EBOM,2,2025-10-19,,Released,"2026-07-16 13:58:28","2026-07-16 13:58:28"
178,1,36,439,2.19,40,0.0168,MBOM,2,2026-06-14,,Released,"2026-07-16 13:58:28","2026-07-16 13:58:28"
179,1,151,413,1.53,35,0.028,EBOM,2,2026-06-18,,Released,"2026-07-16 13:58:28","2026-07-16 13:58:28"
180,1,151,289,2.92,47,0.0224,EBOM,2,2026-06-26,,Released,"2026-07-16 13:58:28","2026-07-16 13:58:28"
181,1,151,5,1.76,90,0.0251,EBOM,2,2025-07-23,,Draft,"2026-07-16 13:58:28","2026-07-16 13:58:28"
182,1,151,353,1.06,2,0.007,MBOM,2,2026-03-26,,Released,"2026-07-16 13:58:28","2026-07-16 13:58:28"
183,1,151,167,2.55,83,0.0274,CBOM,2,2025-07-18,,Released,"2026-07-16 13:58:28","2026-07-16 13:58:28"
184,1,429,285,2.24,99,0.0203,EBOM,2,2025-08-22,,Released,"2026-07-16 13:58:28","2026-07-16 13:58:28"
185,1,429,97,1.4,16,0.012,EBOM,2,2026-05-31,,Released,"2026-07-16 13:58:28","2026-07-16 13:58:28"
186,1,429,33,2.62,70,0.0104,EBOM,2,2025-11-29,,Released,"2026-07-16 13:58:28","2026-07-16 13:58:28"
187,1,406,371,1.68,7,0.0216,MBOM,2,2026-05-10,,Draft,"2026-07-16 13:58:28","2026-07-16 13:58:28"
188,1,406,500,2.27,91,0.024,MBOM,2,2026-03-28,,Released,"2026-07-16 13:58:28","2026-07-16 13:58:28"
189,1,28,500,1.21,4,0.024,MBOM,3,2026-03-28,,Released,"2026-07-16 13:58:28","2026-07-16 13:58:28"
190,1,406,211,1.71,98,0.0032,EBOM,2,2026-02-12,,Released,"2026-07-16 13:58:28","2026-07-16 13:58:28"
191,1,406,434,2.29,39,0.0056,EBOM,2,2025-11-02,,Released,"2026-07-16 13:58:28","2026-07-16 13:58:28"
192,1,406,459,1.46,59,0.0244,EBOM,2,2025-09-16,,Released,"2026-07-16 13:58:28","2026-07-16 13:58:28"
193,1,406,224,2.64,41,0.004,EBOM,2,2026-02-16,,Released,"2026-07-16 13:58:28","2026-07-16 13:58:28"
194,1,406,187,2.81,21,0.027,MBOM,2,2026-04-27,,Released,"2026-07-16 13:58:28","2026-07-16 13:58:28"
195,1,406,218,2.33,56,0.0114,EBOM,2,2026-03-19,,Released,"2026-07-16 13:58:28","2026-07-16 13:58:28"
196,1,229,252,2.64,55,0.0005,MBOM,2,2026-02-17,,Released,"2026-07-16 13:58:28","2026-07-16 13:58:28"
197,1,25,252,1.85,51,0.0005,MBOM,3,2026-02-17,,Released,"2026-07-16 13:58:28","2026-07-16 13:58:28"
198,1,229,472,2.74,55,0.016,CBOM,2,2025-07-26,,Draft,"2026-07-16 13:58:28","2026-07-16 13:58:28"
199,1,229,133,1.61,51,0.0222,EBOM,2,2026-04-03,,Released,"2026-07-16 13:58:28","2026-07-16 13:58:28"
200,1,229,271,1.06,64,0.017,EBOM,2,2026-02-08,,Released,"2026-07-16 13:58:28","2026-07-16 13:58:28"
201,1,305,271,2.89,77,0.017,EBOM,3,2026-02-08,,Released,"2026-07-16 13:58:28","2026-07-16 13:58:28"
202,1,229,221,2.19,36,0.0142,EBOM,2,2025-08-14,,Released,"2026-07-16 13:58:28","2026-07-16 13:58:28"
203,1,229,314,2.31,69,0.0121,EBOM,2,2025-12-12,,Released,"2026-07-16 13:58:28","2026-07-16 13:58:28"
204,1,229,223,1.6,59,0.0275,EBOM,2,2026-05-17,,Released,"2026-07-16 13:58:28","2026-07-16 13:58:28"
205,1,53,142,1.45,47,0.027,EBOM,2,2026-07-04,,Released,"2026-07-16 13:58:28","2026-07-16 13:58:28"
206,1,53,346,1.96,55,0.0269,EBOM,2,2025-12-14,,Released,"2026-07-16 13:58:28","2026-07-16 13:58:28"
207,1,53,146,1.19,93,0.0176,EBOM,2,2026-02-28,,Released,"2026-07-16 13:58:28","2026-07-16 13:58:28"
208,1,53,436,2.71,18,0.0064,EBOM,2,2025-08-30,,Released,"2026-07-16 13:58:28","2026-07-16 13:58:28"
209,1,53,417,2.55,96,0.0157,MBOM,2,2026-03-08,,Released,"2026-07-16 13:58:28","2026-07-16 13:58:28"
210,1,53,261,2.16,62,0.0206,EBOM,2,2026-04-18,,Released,"2026-07-16 13:58:28","2026-07-16 13:58:28"
211,1,61,261,1.45,49,0.0206,EBOM,3,2026-04-18,,Released,"2026-07-16 13:58:28","2026-07-16 13:58:28"
212,1,84,4,1.59,5,0.0021,EBOM,2,2025-11-13,,Released,"2026-07-16 13:58:28","2026-07-16 13:58:28"
213,1,84,62,2.18,38,0.0111,EBOM,2,2025-11-09,,Draft,"2026-07-16 13:58:28","2026-07-16 13:58:28"
214,1,84,384,1.62,31,0.0212,EBOM,2,2026-03-02,,Released,"2026-07-16 13:58:28","2026-07-16 13:58:28"
215,1,84,14,2.85,65,0.0154,EBOM,2,2025-08-22,,Released,"2026-07-16 13:58:28","2026-07-16 13:58:28"
216,1,84,251,2.61,45,0.0125,EBOM,2,2025-07-21,,Released,"2026-07-16 13:58:28","2026-07-16 13:58:28"
217,1,84,445,1.81,57,0.003,EBOM,2,2026-02-01,,Released,"2026-07-16 13:58:28","2026-07-16 13:58:28"
218,1,84,350,1.66,88,0.0269,EBOM,2,2026-01-05,,Released,"2026-07-16 13:58:28","2026-07-16 13:58:28"
219,1,84,278,1.81,17,0.0019,EBOM,2,2025-07-17,,Released,"2026-07-16 13:58:28","2026-07-16 13:58:28"
220,1,93,54,2.87,95,0.0272,EBOM,2,2026-02-21,,Released,"2026-07-16 13:58:28","2026-07-16 13:58:28"
221,1,93,150,2.54,61,0.0283,EBOM,2,2025-08-14,,Released,"2026-07-16 13:58:28","2026-07-16 13:58:28"
222,1,93,290,2.99,62,0.0139,EBOM,2,2025-10-21,,Released,"2026-07-16 13:58:28","2026-07-16 13:58:28"
223,1,93,235,2.88,36,0.0104,CBOM,2,2025-10-11,,Released,"2026-07-16 13:58:28","2026-07-16 13:58:28"
224,1,93,232,1.41,33,0.0137,EBOM,2,2026-04-02,,Released,"2026-07-16 13:58:28","2026-07-16 13:58:28"
225,1,93,499,1.65,20,0.0134,EBOM,2,2026-03-14,,Released,"2026-07-16 13:58:28","2026-07-16 13:58:28"
226,1,96,325,1.95,72,0.0121,EBOM,2,2025-09-28,,Obsolete,"2026-07-16 13:58:28","2026-07-16 13:58:28"
227,1,96,238,2.91,56,0.0231,EBOM,2,2025-08-07,,Released,"2026-07-16 13:58:28","2026-07-16 13:58:28"
228,1,96,259,1.44,49,0.0116,EBOM,2,2025-12-09,,Released,"2026-07-16 13:58:28","2026-07-16 13:58:28"
229,1,96,335,2.79,2,0.0018,EBOM,2,2026-04-06,,Released,"2026-07-16 13:58:28","2026-07-16 13:58:28"
230,1,228,286,1.83,60,0.0184,EBOM,2,2025-11-06,,Released,"2026-07-16 13:58:28","2026-07-16 13:58:28"
231,1,228,58,1.42,74,0.0295,EBOM,2,2026-01-20,,Released,"2026-07-16 13:58:28","2026-07-16 13:58:28"
232,1,228,30,2.86,21,0.0157,MBOM,2,2025-10-09,,Released,"2026-07-16 13:58:28","2026-07-16 13:58:28"
233,1,228,10,1.98,35,0.0059,EBOM,2,2025-10-12,,Released,"2026-07-16 13:58:28","2026-07-16 13:58:28"
234,1,228,81,2.48,54,0.0101,EBOM,2,2025-11-01,,Released,"2026-07-16 13:58:28","2026-07-16 13:58:28"
235,1,390,104,1.32,72,0.0105,MBOM,2,2025-12-04,,Released,"2026-07-16 13:58:28","2026-07-16 13:58:28"
236,1,245,104,1.6,15,0.0105,MBOM,3,2025-12-04,,Released,"2026-07-16 13:58:28","2026-07-16 13:58:28"
237,1,390,194,1.3,28,0.0104,MBOM,2,2025-08-30,,Released,"2026-07-16 13:58:28","2026-07-16 13:58:28"
238,1,390,262,1.9,70,0.0278,MBOM,2,2026-02-15,,Released,"2026-07-16 13:58:28","2026-07-16 13:58:28"
239,1,390,304,1.16,98,0.0141,MBOM,2,2025-11-22,,Draft,"2026-07-16 13:58:28","2026-07-16 13:58:28"
240,1,390,145,1.77,51,0.0042,EBOM,2,2026-04-27,,Released,"2026-07-16 13:58:28","2026-07-16 13:58:28"
241,1,485,275,1.24,18,0.0244,EBOM,2,2026-07-11,,Released,"2026-07-16 13:58:28","2026-07-16 13:58:28"
242,1,485,298,1.87,60,0.0151,MBOM,2,2026-04-18,,Released,"2026-07-16 13:58:28","2026-07-16 13:58:28"
243,1,485,264,1.75,91,0.0022,EBOM,2,2025-11-22,,Released,"2026-07-16 13:58:28","2026-07-16 13:58:28"
244,1,203,264,2.85,32,0.0022,EBOM,3,2025-11-22,,Released,"2026-07-16 13:58:28","2026-07-16 13:58:28"
245,1,485,41,2.89,74,0.023,EBOM,2,2026-05-02,,Released,"2026-07-16 13:58:28","2026-07-16 13:58:28"
246,1,246,423,1.32,7,0.0089,EBOM,2,2026-06-04,,Released,"2026-07-16 13:58:28","2026-07-16 13:58:28"
247,1,246,339,2.22,11,0.0064,MBOM,2,2026-04-06,,Draft,"2026-07-16 13:58:28","2026-07-16 13:58:28"
248,1,246,205,2.54,72,0.0254,MBOM,2,2026-01-03,,Released,"2026-07-16 13:58:28","2026-07-16 13:58:28"
249,1,246,250,2.38,43,0.0246,EBOM,2,2025-08-27,,Released,"2026-07-16 13:58:28","2026-07-16 13:58:28"
250,1,246,89,1.41,3,0.0042,EBOM,2,2025-10-12,,Released,"2026-07-16 13:58:28","2026-07-16 13:58:28"
251,1,246,195,1.15,80,0.0077,EBOM,2,2026-07-15,,Released,"2026-07-16 13:58:28","2026-07-16 13:58:28"
252,1,246,126,2.72,98,0.0006,EBOM,2,2026-05-22,,Released,"2026-07-16 13:58:28","2026-07-16 13:58:28"
253,1,188,373,2.86,48,0.0185,EBOM,2,2026-04-13,,Released,"2026-07-16 13:58:28","2026-07-16 13:58:28"
254,1,188,313,1.74,8,0.0232,MBOM,2,2025-11-25,,Released,"2026-07-16 13:58:28","2026-07-16 13:58:28"
255,1,188,337,1.59,59,0.0022,EBOM,2,2026-06-15,,Released,"2026-07-16 13:58:28","2026-07-16 13:58:28"
256,1,188,368,1.86,80,0.0258,EBOM,2,2025-08-17,,Released,"2026-07-16 13:58:28","2026-07-16 13:58:28"
257,1,188,281,1.86,38,0.0198,EBOM,2,2026-02-04,,Released,"2026-07-16 13:58:28","2026-07-16 13:58:28"
258,1,188,407,2.73,3,0.0213,MBOM,2,2026-02-13,,Released,"2026-07-16 13:58:28","2026-07-16 13:58:28"
259,1,188,481,2.22,50,0.0196,MBOM,2,2025-09-02,,Released,"2026-07-16 13:58:28","2026-07-16 13:58:28"
260,1,188,180,1.4,24,0.0225,EBOM,2,2025-11-28,,Released,"2026-07-16 13:58:28","2026-07-16 13:58:28"
261,1,20,160,1.9,12,0.0191,EBOM,2,2025-11-12,,Released,"2026-07-16 13:58:28","2026-07-16 13:58:28"
262,1,20,190,1.8,37,0.0002,EBOM,2,2025-11-05,,Released,"2026-07-16 13:58:28","2026-07-16 13:58:28"
263,1,20,345,1.76,21,0.003,MBOM,2,2025-12-24,,Released,"2026-07-16 13:58:28","2026-07-16 13:58:28"
264,1,19,345,1.09,30,0.003,MBOM,3,2025-12-24,,Released,"2026-07-16 13:58:28","2026-07-16 13:58:28"
265,1,20,94,2.76,18,0.0069,MBOM,2,2025-08-18,,Released,"2026-07-16 13:58:28","2026-07-16 13:58:28"
266,1,321,94,1.21,37,0.0069,MBOM,3,2025-08-18,,Released,"2026-07-16 13:58:28","2026-07-16 13:58:28"
267,1,20,377,2.94,50,0.01,EBOM,2,2025-08-14,,Released,"2026-07-16 13:58:28","2026-07-16 13:58:28"
268,1,265,310,1.19,25,0.0243,MBOM,2,2026-02-12,,Released,"2026-07-16 13:58:28","2026-07-16 13:58:28"
269,1,265,159,2.32,21,0.0103,EBOM,2,2025-11-12,,Released,"2026-07-16 13:58:28","2026-07-16 13:58:28"
270,1,265,56,1.75,61,0.0185,EBOM,2,2025-10-30,,Released,"2026-07-16 13:58:28","2026-07-16 13:58:28"
271,1,265,360,2.09,5,0.0107,MBOM,2,2026-03-19,,Released,"2026-07-16 13:58:28","2026-07-16 13:58:28"
272,1,265,282,1.06,34,0.0059,EBOM,2,2026-03-19,,Released,"2026-07-16 13:58:28","2026-07-16 13:58:28"
273,1,265,206,1.98,15,0.0136,MBOM,2,2026-02-22,,Released,"2026-07-16 13:58:28","2026-07-16 13:58:28"
274,1,441,113,2.1,91,0.002,EBOM,2,2025-10-09,,Released,"2026-07-16 13:58:28","2026-07-16 13:58:28"
275,1,441,52,1.58,45,0.0024,EBOM,2,2025-09-05,,Released,"2026-07-16 13:58:28","2026-07-16 13:58:28"
276,1,227,52,1.79,21,0.0024,EBOM,3,2025-09-05,,Released,"2026-07-16 13:58:28","2026-07-16 13:58:28"
277,1,441,115,1.93,72,0.0189,EBOM,2,2026-05-24,,Released,"2026-07-16 13:58:28","2026-07-16 13:58:28"
278,1,441,309,2.28,81,0.0265,EBOM,2,2026-05-18,,Released,"2026-07-16 13:58:28","2026-07-16 13:58:28"
279,1,441,236,1.62,92,0.0223,MBOM,2,2025-11-03,,Released,"2026-07-16 13:58:28","2026-07-16 13:58:28"
280,1,441,111,2.26,71,0.0033,CBOM,2,2026-05-01,,Released,"2026-07-16 13:58:28","2026-07-16 13:58:28"
281,1,441,130,1.81,36,0.0012,EBOM,2,2026-03-08,,Released,"2026-07-16 13:58:28","2026-07-16 13:58:28"
282,1,441,269,2.78,90,0.0197,EBOM,2,2026-03-25,,Released,"2026-07-16 13:58:28","2026-07-16 13:58:28"
283,1,405,269,2.51,67,0.0197,EBOM,3,2026-03-25,,Released,"2026-07-16 13:58:28","2026-07-16 13:58:28"
284,1,361,382,1.81,90,0.023,MBOM,2,2025-09-26,,Released,"2026-07-16 13:58:28","2026-07-16 13:58:28"
285,1,361,168,2.81,15,0.0251,MBOM,2,2026-01-08,,Released,"2026-07-16 13:58:28","2026-07-16 13:58:28"
286,1,42,168,1.47,84,0.0251,MBOM,3,2026-01-08,,Released,"2026-07-16 13:58:28","2026-07-16 13:58:28"
287,1,361,326,2.61,42,0.0226,EBOM,2,2025-08-05,,Released,"2026-07-16 13:58:28","2026-07-16 13:58:28"
288,1,105,326,1.06,59,0.0226,EBOM,3,2025-08-05,,Released,"2026-07-16 13:58:28","2026-07-16 13:58:28"
289,1,361,428,1.04,13,0.0059,EBOM,2,2025-07-29,,Released,"2026-07-16 13:58:28","2026-07-16 13:58:28"
290,1,223,152,2.08,48,0.0232,EBOM,3,2025-10-30,,Released,"2026-07-16 13:58:28","2026-07-16 13:58:28"
291,1,223,1,1.34,45,0.0016,EBOM,3,2026-01-11,,Released,"2026-07-16 13:58:28","2026-07-16 13:58:28"
292,1,223,294,1.8,84,0.0083,EBOM,3,2026-01-28,,Released,"2026-07-16 13:58:28","2026-07-16 13:58:28"
293,1,481,474,1.66,12,0.0016,EBOM,3,2026-06-20,,Released,"2026-07-16 13:58:28","2026-07-16 13:58:28"
294,1,481,39,2.41,80,0.0272,EBOM,3,2025-11-09,,Released,"2026-07-16 13:58:28","2026-07-16 13:58:28"
295,1,481,379,2.96,75,0.0061,EBOM,3,2025-12-03,,Draft,"2026-07-16 13:58:28","2026-07-16 13:58:28"
296,1,481,283,1.6,62,0.0057,EBOM,3,2026-02-13,,Released,"2026-07-16 13:58:28","2026-07-16 13:58:28"
297,1,481,301,2.01,90,0.0027,MBOM,3,2026-02-17,,Released,"2026-07-16 13:58:28","2026-07-16 13:58:28"
298,1,481,248,2.14,56,0.0063,MBOM,3,2026-04-11,,Draft,"2026-07-16 13:58:28","2026-07-16 13:58:28"
299,1,481,348,2.22,41,0.0027,MBOM,3,2026-06-28,,Released,"2026-07-16 13:58:28","2026-07-16 13:58:28"
300,1,481,332,1.11,21,0.0198,EBOM,3,2025-12-14,,Released,"2026-07-16 13:58:28","2026-07-16 13:58:28"
301,1,382,332,2.31,99,0.0198,EBOM,4,2025-12-14,,Released,"2026-07-16 13:58:28","2026-07-16 13:58:28"
302,1,337,367,2.39,94,0.006,EBOM,3,2025-09-21,,Released,"2026-07-16 13:58:28","2026-07-16 13:58:28"
303,1,337,6,1.97,1,0.0123,EBOM,3,2025-07-18,,Released,"2026-07-16 13:58:28","2026-07-16 13:58:28"
304,1,337,35,2.71,94,0.0207,EBOM,3,2026-06-11,,Released,"2026-07-16 13:58:28","2026-07-16 13:58:28"
305,1,337,193,1.64,33,0.0136,MBOM,3,2026-02-10,,Released,"2026-07-16 13:58:28","2026-07-16 13:58:28"
306,1,373,12,2.11,60,0.0082,EBOM,3,2025-10-12,,Released,"2026-07-16 13:58:28","2026-07-16 13:58:28"
307,1,373,267,2.63,8,0.0174,MBOM,3,2025-09-07,,Released,"2026-07-16 13:58:28","2026-07-16 13:58:28"
308,1,226,267,1.5,46,0.0174,MBOM,4,2025-09-07,,Released,"2026-07-16 13:58:28","2026-07-16 13:58:28"
309,1,373,68,1.07,57,0.0105,MBOM,3,2026-03-14,,Released,"2026-07-16 13:58:28","2026-07-16 13:58:28"
310,1,373,82,1.59,2,0.0113,EBOM,3,2025-10-17,,Released,"2026-07-16 13:58:28","2026-07-16 13:58:28"
311,1,17,217,2.41,33,0.0132,EBOM,3,2026-06-17,,Released,"2026-07-16 13:58:28","2026-07-16 13:58:28"
312,1,17,392,2.8,28,0.0085,EBOM,3,2025-10-02,,Released,"2026-07-16 13:58:28","2026-07-16 13:58:28"
313,1,17,284,1.79,36,0.0037,MBOM,3,2025-12-19,,Released,"2026-07-16 13:58:28","2026-07-16 13:58:28"
314,1,38,284,1.54,70,0.0037,MBOM,4,2025-12-19,,Released,"2026-07-16 13:58:28","2026-07-16 13:58:28"
315,1,377,51,1.96,25,0.0257,EBOM,3,2026-02-19,,Released,"2026-07-16 13:58:28","2026-07-16 13:58:28"
316,1,377,308,2.6,99,0.0112,EBOM,3,2025-12-03,,Released,"2026-07-16 13:58:28","2026-07-16 13:58:28"
317,1,377,237,1.2,96,0.0132,EBOM,3,2026-01-21,,Released,"2026-07-16 13:58:28","2026-07-16 13:58:28"
318,1,434,237,1.71,27,0.0132,EBOM,4,2026-01-21,,Released,"2026-07-16 13:58:28","2026-07-16 13:58:28"
319,1,377,106,2.76,76,0.0008,MBOM,3,2026-03-21,,Released,"2026-07-16 13:58:28","2026-07-16 13:58:28"
320,1,377,192,1.75,50,0.001,MBOM,3,2026-04-28,,Released,"2026-07-16 13:58:28","2026-07-16 13:58:28"
321,1,346,83,2.49,90,0.0144,MBOM,3,2025-09-02,,Released,"2026-07-16 13:58:28","2026-07-16 13:58:28"
322,1,346,362,2.18,70,0.0077,EBOM,3,2025-12-20,,Released,"2026-07-16 13:58:28","2026-07-16 13:58:28"
323,1,346,120,1.46,53,0.0104,EBOM,3,2026-01-14,,Released,"2026-07-16 13:58:28","2026-07-16 13:58:28"
324,1,339,416,2.21,85,0.0134,EBOM,3,2025-09-09,,Released,"2026-07-16 13:58:28","2026-07-16 13:58:28"
325,1,339,263,2.89,54,0.0168,MBOM,3,2026-04-08,,Released,"2026-07-16 13:58:28","2026-07-16 13:58:28"
326,1,339,75,2.16,58,0.011,CBOM,3,2025-07-25,,Released,"2026-07-16 13:58:28","2026-07-16 13:58:28"
327,1,339,16,1.62,50,0.0119,EBOM,3,2025-11-15,,Released,"2026-07-16 13:58:28","2026-07-16 13:58:28"
328,1,339,174,1.71,80,0.0133,EBOM,3,2025-11-07,,Released,"2026-07-16 13:58:28","2026-07-16 13:58:28"
329,1,339,156,1.66,55,0.0014,EBOM,3,2026-04-09,,Released,"2026-07-16 13:58:28","2026-07-16 13:58:28"
330,1,252,163,1.07,77,0.0107,EBOM,3,2025-11-07,,Released,"2026-07-16 13:58:28","2026-07-16 13:58:28"
331,1,252,234,2.0,5,0.0057,EBOM,3,2026-06-16,,Released,"2026-07-16 13:58:28","2026-07-16 13:58:28"
332,1,252,440,1.36,12,0.0238,MBOM,3,2026-03-11,,Released,"2026-07-16 13:58:28","2026-07-16 13:58:28"
333,1,252,49,1.54,32,0.0042,CBOM,3,2025-10-20,,Released,"2026-07-16 13:58:28","2026-07-16 13:58:28"
334,1,252,480,2.64,89,0.0299,MBOM,3,2026-07-04,,Released,"2026-07-16 13:58:28","2026-07-16 13:58:28"
335,1,252,386,1.2,94,0.0089,MBOM,3,2026-02-12,,Released,"2026-07-16 13:58:28","2026-07-16 13:58:28"
336,1,252,315,1.43,86,0.0299,MBOM,3,2025-11-15,,Released,"2026-07-16 13:58:28","2026-07-16 13:58:28"
337,1,371,315,1.77,73,0.0299,MBOM,4,2025-11-15,,Released,"2026-07-16 13:58:28","2026-07-16 13:58:28"
338,1,282,11,2.83,67,0.0229,MBOM,3,2026-04-29,,Released,"2026-07-16 13:58:28","2026-07-16 13:58:28"
339,1,282,493,2.6,87,0.0204,CBOM,3,2026-05-07,,Released,"2026-07-16 13:58:28","2026-07-16 13:58:28"
340,1,282,403,2.1,1,0.0024,MBOM,3,2026-01-17,,Released,"2026-07-16 13:58:28","2026-07-16 13:58:28"
341,1,282,330,1.79,97,0.0017,EBOM,3,2026-05-25,,Draft,"2026-07-16 13:58:28","2026-07-16 13:58:28"
342,1,221,287,2.23,87,0.0092,EBOM,3,2025-08-29,,Released,"2026-07-16 13:58:28","2026-07-16 13:58:28"
343,1,221,449,1.69,51,0.0102,EBOM,3,2026-04-01,,Released,"2026-07-16 13:58:28","2026-07-16 13:58:28"
344,1,236,449,1.91,10,0.0102,EBOM,4,2026-04-01,,Released,"2026-07-16 13:58:28","2026-07-16 13:58:28"
345,1,221,116,1.26,87,0.0095,MBOM,3,2026-07-13,,Released,"2026-07-16 13:58:28","2026-07-16 13:58:28"
346,1,500,116,2.04,71,0.0095,MBOM,4,2026-07-13,,Released,"2026-07-16 13:58:28","2026-07-16 13:58:28"
347,1,221,453,1.14,18,0.0264,MBOM,3,2026-06-28,,Released,"2026-07-16 13:58:28","2026-07-16 13:58:28"
348,1,221,110,2.16,68,0.0223,EBOM,3,2026-03-17,,Released,"2026-07-16 13:58:28","2026-07-16 13:58:28"
349,1,313,302,2.12,20,0.026,MBOM,3,2026-07-05,,Draft,"2026-07-16 13:58:28","2026-07-16 13:58:28"
350,1,313,73,2.87,16,0.0254,EBOM,3,2026-05-26,,Released,"2026-07-16 13:58:28","2026-07-16 13:58:28"
351,1,313,86,2.69,46,0.0011,EBOM,3,2026-01-29,,Released,"2026-07-16 13:58:28","2026-07-16 13:58:28"
352,1,313,7,2.19,21,0.0042,EBOM,3,2025-07-31,,Released,"2026-07-16 13:58:28","2026-07-16 13:58:28"
353,1,150,7,2.92,64,0.0042,EBOM,4,2025-07-31,,Released,"2026-07-16 13:58:28","2026-07-16 13:58:28"
354,1,384,242,2.74,67,0.0094,EBOM,3,2026-05-16,,Released,"2026-07-16 13:58:28","2026-07-16 13:58:28"
355,1,384,331,1.53,80,0.0035,MBOM,3,2025-09-08,,Released,"2026-07-16 13:58:28","2026-07-16 13:58:28"
356,1,384,273,1.63,39,0.0147,MBOM,3,2026-05-04,,Released,"2026-07-16 13:58:28","2026-07-16 13:58:28"
357,1,384,129,1.59,59,0.029,EBOM,3,2025-10-25,,Released,"2026-07-16 13:58:28","2026-07-16 13:58:28"
358,1,384,477,1.99,70,0.0023,EBOM,3,2025-08-28,,Released,"2026-07-16 13:58:28","2026-07-16 13:58:28"
359,1,384,176,1.24,93,0.0202,MBOM,3,2026-01-28,,Released,"2026-07-16 13:58:28","2026-07-16 13:58:28"
360,1,384,204,1.35,2,0.0222,EBOM,3,2026-04-02,,Released,"2026-07-16 13:58:28","2026-07-16 13:58:28"
361,1,384,200,2.26,9,0.0197,EBOM,3,2026-04-15,,Released,"2026-07-16 13:58:28","2026-07-16 13:58:28"
362,1,445,432,2.0,4,0.0297,MBOM,3,2026-06-16,,Released,"2026-07-16 13:58:28","2026-07-16 13:58:28"
363,1,445,299,1.7,81,0.0233,EBOM,3,2026-06-10,,Released,"2026-07-16 13:58:28","2026-07-16 13:58:28"
364,1,445,131,2.77,23,0.001,EBOM,3,2026-02-01,,Released,"2026-07-16 13:58:28","2026-07-16 13:58:28"
365,1,54,471,2.15,38,0.0031,EBOM,3,2025-09-03,,Released,"2026-07-16 13:58:28","2026-07-16 13:58:28"
366,1,54,137,2.22,83,0.0213,EBOM,3,2025-10-07,,Released,"2026-07-16 13:58:28","2026-07-16 13:58:28"
367,1,54,172,1.11,61,0.013,MBOM,3,2026-05-28,,Released,"2026-07-16 13:58:28","2026-07-16 13:58:28"
368,1,54,55,2.75,9,0.0209,MBOM,3,2025-09-22,,Released,"2026-07-16 13:58:28","2026-07-16 13:58:28"
369,1,54,422,2.21,77,0.0136,CBOM,3,2026-06-04,,Released,"2026-07-16 13:58:28","2026-07-16 13:58:28"
370,1,434,385,2.23,43,0.0102,EBOM,3,2025-07-27,,Released,"2026-07-16 13:58:28","2026-07-16 13:58:28"
371,1,434,249,2.17,6,0.0231,EBOM,3,2026-06-27,,Released,"2026-07-16 13:58:28","2026-07-16 13:58:28"
372,1,434,451,1.91,41,0.015,MBOM,3,2026-06-19,,Released,"2026-07-16 13:58:28","2026-07-16 13:58:28"
373,1,350,451,1.52,29,0.015,MBOM,4,2026-06-19,,Released,"2026-07-16 13:58:28","2026-07-16 13:58:28"
374,1,434,239,1.82,16,0.0002,MBOM,3,2026-04-14,,Released,"2026-07-16 13:58:28","2026-07-16 13:58:28"
375,1,142,239,1.56,53,0.0002,MBOM,4,2026-04-14,,Released,"2026-07-16 13:58:28","2026-07-16 13:58:28"
376,1,434,208,2.04,45,0.013,EBOM,3,2025-07-29,,Released,"2026-07-16 13:58:28","2026-07-16 13:58:28"
377,1,434,24,1.46,55,0.0044,EBOM,3,2026-03-23,,Released,"2026-07-16 13:58:28","2026-07-16 13:58:28"
378,1,115,87,2.48,12,0.0267,EBOM,3,2025-09-26,,Released,"2026-07-16 13:58:28","2026-07-16 13:58:28"
379,1,235,87,2.98,49,0.0267,EBOM,4,2025-09-26,,Released,"2026-07-16 13:58:28","2026-07-16 13:58:28"
380,1,115,307,1.35,73,0.0229,EBOM,3,2026-03-08,,Released,"2026-07-16 13:58:28","2026-07-16 13:58:28"
381,1,56,307,1.93,3,0.0229,EBOM,4,2026-03-08,,Released,"2026-07-16 13:58:28","2026-07-16 13:58:28"
382,1,115,363,2.07,82,0.0259,EBOM,3,2026-07-01,,Released,"2026-07-16 13:58:28","2026-07-16 13:58:28"
383,1,115,99,2.89,99,0.0249,EBOM,3,2025-09-14,,Released,"2026-07-16 13:58:28","2026-07-16 13:58:28"
384,1,115,276,1.83,40,0.0051,MBOM,3,2026-06-12,,Released,"2026-07-16 13:58:28","2026-07-16 13:58:28"
385,1,115,410,1.57,87,0.0068,EBOM,3,2026-03-08,,Released,"2026-07-16 13:58:28","2026-07-16 13:58:28"
386,1,194,132,1.92,87,0.0008,EBOM,3,2026-07-16,,Released,"2026-07-16 13:58:28","2026-07-16 13:58:28"
387,1,194,454,2.1,85,0.007,MBOM,3,2026-07-05,,Released,"2026-07-16 13:58:28","2026-07-16 13:58:28"
388,1,194,48,1.06,82,0.0115,EBOM,3,2025-10-11,,Released,"2026-07-16 13:58:28","2026-07-16 13:58:28"
389,1,194,424,1.4,63,0.0253,MBOM,3,2026-06-24,,Released,"2026-07-16 13:58:28","2026-07-16 13:58:28"
390,1,224,162,2.89,43,0.0247,EBOM,3,2025-12-03,,Released,"2026-07-16 13:58:28","2026-07-16 13:58:28"
391,1,224,343,1.73,68,0.0224,EBOM,3,2026-01-01,,Released,"2026-07-16 13:58:28","2026-07-16 13:58:28"
392,1,224,181,2.29,89,0.0065,EBOM,3,2026-02-09,,Released,"2026-07-16 13:58:28","2026-07-16 13:58:28"
393,1,224,482,1.47,19,0.0097,EBOM,3,2026-01-15,,Released,"2026-07-16 13:58:28","2026-07-16 13:58:28"
394,1,224,411,2.92,61,0.0217,EBOM,3,2026-04-20,,Released,"2026-07-16 13:58:28","2026-07-16 13:58:28"
395,1,38,411,2.03,75,0.0217,EBOM,4,2026-04-20,,Released,"2026-07-16 13:58:28","2026-07-16 13:58:28"
396,1,224,182,2.55,67,0.0181,EBOM,3,2025-12-12,,Released,"2026-07-16 13:58:28","2026-07-16 13:58:28"
397,1,224,258,1.18,81,0.0155,EBOM,3,2026-05-06,,Released,"2026-07-16 13:58:28","2026-07-16 13:58:28"
398,1,83,341,1.91,98,0.0122,MBOM,4,2026-06-14,,Released,"2026-07-16 13:58:28","2026-07-16 13:58:28"
399,1,83,333,2.04,61,0.0134,EBOM,4,2026-02-03,,Released,"2026-07-16 13:58:28","2026-07-16 13:58:28"
400,1,83,112,3.2,12,0.0048,MBOM,4,2025-08-25,,Released,"2026-07-16 13:58:28","2026-07-16 13:58:28"
401,1,294,112,2.07,16,0.0048,MBOM,5,2025-08-25,,Released,"2026-07-16 13:58:28","2026-07-16 13:58:28"
402,1,83,240,4.16,19,0.006,MBOM,4,2026-05-08,,Released,"2026-07-16 13:58:28","2026-07-16 13:58:28"
403,1,83,291,1.27,27,0.0055,EBOM,4,2026-03-08,,Released,"2026-07-16 13:58:28","2026-07-16 13:58:28"
404,1,176,147,3.57,56,0.0056,EBOM,4,2025-08-21,,Released,"2026-07-16 13:58:28","2026-07-16 13:58:28"
405,1,176,161,9.05,80,0.0128,EBOM,4,2026-06-24,,Draft,"2026-07-16 13:58:28","2026-07-16 13:58:28"
406,1,176,425,2.98,55,0.0058,MBOM,4,2025-09-01,,Released,"2026-07-16 13:58:28","2026-07-16 13:58:28"
407,1,176,426,7.91,3,0.0002,MBOM,4,2026-04-11,,Released,"2026-07-16 13:58:28","2026-07-16 13:58:28"
408,1,176,215,1.08,80,0.0029,EBOM,4,2025-08-26,,Obsolete,"2026-07-16 13:58:28","2026-07-16 13:58:28"
409,1,176,370,8.94,39,0.0002,MBOM,4,2026-05-12,,Released,"2026-07-16 13:58:28","2026-07-16 13:58:28"
410,1,411,173,1.64,7,0.0189,MBOM,4,2026-04-24,,Released,"2026-07-16 13:58:28","2026-07-16 13:58:28"
411,1,411,45,4.01,18,0.01,MBOM,4,2025-07-23,,Released,"2026-07-16 13:58:28","2026-07-16 13:58:28"
412,1,411,207,6.21,33,0.026,EBOM,4,2026-01-05,,Released,"2026-07-16 13:58:28","2026-07-16 13:58:28"
413,1,411,141,9.54,19,0.0007,MBOM,4,2025-07-19,,Released,"2026-07-16 13:58:28","2026-07-16 13:58:28"
414,1,411,74,1.66,95,0.0181,EBOM,4,2026-05-19,,Released,"2026-07-16 13:58:28","2026-07-16 13:58:28"
415,1,283,213,5.28,83,0.0036,MBOM,4,2025-08-08,,Released,"2026-07-16 13:58:28","2026-07-16 13:58:28"
416,1,299,213,1.63,70,0.0036,MBOM,5,2025-08-08,,Released,"2026-07-16 13:58:28","2026-07-16 13:58:28"
417,1,283,257,4.32,41,0.018,EBOM,4,2025-07-18,,Released,"2026-07-16 13:58:28","2026-07-16 13:58:28"
418,1,129,257,1.24,61,0.018,EBOM,5,2025-07-18,,Released,"2026-07-16 13:58:28","2026-07-16 13:58:28"
419,1,283,198,3.12,26,0.0226,MBOM,4,2025-09-28,,Released,"2026-07-16 13:58:28","2026-07-16 13:58:28"
420,1,367,64,2.42,6,0.0066,EBOM,4,2026-02-05,,Released,"2026-07-16 13:58:28","2026-07-16 13:58:28"
421,1,367,8,9.53,6,0.0155,EBOM,4,2025-12-03,,Released,"2026-07-16 13:58:28","2026-07-16 13:58:28"
422,1,367,230,6.72,32,0.0245,EBOM,4,2026-06-13,,Released,"2026-07-16 13:58:28","2026-07-16 13:58:28"
423,1,249,230,1.16,8,0.0245,EBOM,5,2026-06-13,,Released,"2026-07-16 13:58:28","2026-07-16 13:58:28"
424,1,367,37,5.85,23,0.0288,EBOM,4,2025-10-25,,Draft,"2026-07-16 13:58:28","2026-07-16 13:58:28"
425,1,367,118,1.9,92,0.0063,EBOM,4,2025-12-23,,Released,"2026-07-16 13:58:28","2026-07-16 13:58:28"
426,1,367,197,3.92,26,0.0064,EBOM,4,2026-02-15,,Released,"2026-07-16 13:58:28","2026-07-16 13:58:28"
427,1,471,197,1.35,27,0.0064,EBOM,5,2026-02-15,,Released,"2026-07-16 13:58:28","2026-07-16 13:58:28"
428,1,367,320,2.48,51,0.002,EBOM,4,2026-01-18,,Released,"2026-07-16 13:58:28","2026-07-16 13:58:28"
429,1,12,427,4.33,89,0.0269,EBOM,4,2025-10-30,,Released,"2026-07-16 13:58:28","2026-07-16 13:58:28"
430,1,12,13,3.91,16,0.0006,EBOM,4,2025-10-06,,Released,"2026-07-16 13:58:28","2026-07-16 13:58:28"
431,1,12,124,9.34,72,0.0226,MBOM,4,2026-06-03,,Released,"2026-07-16 13:58:28","2026-07-16 13:58:28"
432,1,12,402,1.63,98,0.0276,EBOM,4,2025-10-04,,Released,"2026-07-16 13:58:28","2026-07-16 13:58:28"
433,1,12,323,1.99,34,0.0211,EBOM,4,2025-11-02,,Released,"2026-07-16 13:58:28","2026-07-16 13:58:28"
434,1,12,32,3.44,28,0.0184,EBOM,4,2025-08-27,,Released,"2026-07-16 13:58:28","2026-07-16 13:58:28"
435,1,12,469,9.85,18,0.0252,MBOM,4,2025-11-09,,Obsolete,"2026-07-16 13:58:28","2026-07-16 13:58:28"
436,1,1,166,6.5,97,0.0195,EBOM,4,2026-05-24,,Released,"2026-07-16 13:58:28","2026-07-16 13:58:28"
437,1,1,253,8.83,32,0.0286,EBOM,4,2025-08-21,,Released,"2026-07-16 13:58:28","2026-07-16 13:58:28"
438,1,86,253,1.1,81,0.0286,EBOM,5,2025-08-21,,Released,"2026-07-16 13:58:28","2026-07-16 13:58:28"
439,1,1,344,4.04,6,0.0197,EBOM,4,2026-05-26,,Released,"2026-07-16 13:58:28","2026-07-16 13:58:28"
440,1,1,117,8.98,15,0.0026,EBOM,4,2026-06-17,,Released,"2026-07-16 13:58:28","2026-07-16 13:58:28"
441,1,1,247,2.55,14,0.0204,EBOM,4,2026-02-10,,Released,"2026-07-16 13:58:28","2026-07-16 13:58:28"
442,1,6,247,1.59,68,0.0204,EBOM,5,2026-02-10,,Released,"2026-07-16 13:58:28","2026-07-16 13:58:28"
443,1,449,465,7.0,47,0.022,MBOM,4,2025-10-26,,Released,"2026-07-16 13:58:28","2026-07-16 13:58:28"
444,1,449,71,2.78,2,0.025,EBOM,4,2025-08-18,,Draft,"2026-07-16 13:58:28","2026-07-16 13:58:28"
445,1,449,66,7.28,35,0.0129,MBOM,4,2026-04-30,,Released,"2026-07-16 13:58:28","2026-07-16 13:58:28"
446,1,301,175,5.8,78,0.0266,MBOM,4,2025-07-22,,Released,"2026-07-16 13:58:28","2026-07-16 13:58:28"
447,1,137,175,1.91,22,0.0266,MBOM,5,2025-07-22,,Released,"2026-07-16 13:58:28","2026-07-16 13:58:28"
448,1,301,47,3.14,32,0.0118,EBOM,4,2025-10-28,,Released,"2026-07-16 13:58:28","2026-07-16 13:58:28"
449,1,301,109,6.76,39,0.0285,EBOM,4,2025-07-23,,Released,"2026-07-16 13:58:28","2026-07-16 13:58:28"
450,1,283,109,1.88,59,0.0285,EBOM,5,2025-07-23,,Released,"2026-07-16 13:58:28","2026-07-16 13:58:28"
451,1,131,127,8.74,19,0.0202,MBOM,4,2025-12-29,,Released,"2026-07-16 13:58:28","2026-07-16 13:58:28"
452,1,131,220,8.01,55,0.0268,EBOM,4,2025-07-27,,Released,"2026-07-16 13:58:28","2026-07-16 13:58:28"
453,1,131,409,8.44,79,0.0235,MBOM,4,2026-05-05,,Released,"2026-07-16 13:58:28","2026-07-16 13:58:28"
454,1,379,372,8.73,91,0.0031,EBOM,4,2026-06-06,,Released,"2026-07-16 13:58:28","2026-07-16 13:58:28"
455,1,379,292,5.28,54,0.0057,MBOM,4,2026-07-01,,Released,"2026-07-16 13:58:28","2026-07-16 13:58:28"
456,1,379,398,8.3,73,0.0107,MBOM,4,2025-07-25,,Released,"2026-07-16 13:58:28","2026-07-16 13:58:28"
457,1,379,401,5.84,29,0.007,MBOM,4,2025-10-31,,Released,"2026-07-16 13:58:28","2026-07-16 13:58:28"
458,1,477,69,3.21,48,0.0248,MBOM,4,2025-11-16,,Released,"2026-07-16 13:58:28","2026-07-16 13:58:28"
459,1,477,155,1.41,22,0.0085,EBOM,4,2025-09-04,,Released,"2026-07-16 13:58:28","2026-07-16 13:58:28"
460,1,477,467,6.37,62,0.0072,EBOM,4,2026-04-04,,Released,"2026-07-16 13:58:28","2026-07-16 13:58:28"
461,1,477,144,2.45,87,0.0011,CBOM,4,2026-01-29,,Released,"2026-07-16 13:58:28","2026-07-16 13:58:28"
462,1,477,296,6.27,86,0.0282,MBOM,4,2025-11-30,,Obsolete,"2026-07-16 13:58:28","2026-07-16 13:58:28"
463,1,73,357,6.19,35,0.0002,EBOM,4,2026-03-18,,Released,"2026-07-16 13:58:28","2026-07-16 13:58:28"
464,1,73,365,4.38,32,0.0051,EBOM,4,2026-03-23,,Released,"2026-07-16 13:58:28","2026-07-16 13:58:28"
465,1,73,63,2.79,79,0.0136,CBOM,4,2025-09-16,,Released,"2026-07-16 13:58:28","2026-07-16 13:58:28"
466,1,73,336,9.36,34,0.0109,MBOM,4,2025-12-06,,Released,"2026-07-16 13:58:28","2026-07-16 13:58:28"
467,1,35,50,4.24,9,0.0273,EBOM,4,2026-01-26,,Released,"2026-07-16 13:58:28","2026-07-16 13:58:28"
468,1,307,50,1.71,81,0.0273,EBOM,5,2026-01-26,,Released,"2026-07-16 13:58:28","2026-07-16 13:58:28"
469,1,35,412,4.28,29,0.0026,CBOM,4,2025-09-03,,Released,"2026-07-16 13:58:28","2026-07-16 13:58:28"
470,1,35,388,6.99,71,0.0128,EBOM,4,2026-04-20,,Released,"2026-07-16 13:58:28","2026-07-16 13:58:28"
471,1,35,395,7.55,47,0.0194,MBOM,4,2025-11-24,,Released,"2026-07-16 13:58:28","2026-07-16 13:58:28"
472,1,330,395,2.42,69,0.0194,MBOM,5,2025-11-24,,Released,"2026-07-16 13:58:28","2026-07-16 13:58:28"
473,1,35,329,9.61,12,0.0184,CBOM,4,2025-11-24,,Released,"2026-07-16 13:58:28","2026-07-16 13:58:28"
474,1,343,470,3.47,27,0.0127,EBOM,4,2026-06-04,,Released,"2026-07-16 13:58:28","2026-07-16 13:58:28"
475,1,343,107,2.72,54,0.0203,EBOM,4,2025-09-24,,Released,"2026-07-16 13:58:28","2026-07-16 13:58:28"
476,1,343,231,2.17,26,0.0175,EBOM,4,2026-06-25,,Released,"2026-07-16 13:58:28","2026-07-16 13:58:28"
477,1,343,199,8.2,73,0.0278,EBOM,4,2026-03-02,,Draft,"2026-07-16 13:58:28","2026-07-16 13:58:28"
478,1,422,316,3.81,91,0.0253,EBOM,4,2025-09-02,,Released,"2026-07-16 13:58:28","2026-07-16 13:58:28"
479,1,422,85,6.27,34,0.0085,MBOM,4,2026-02-01,,Released,"2026-07-16 13:58:28","2026-07-16 13:58:28"
480,1,365,354,1.76,8,0.0298,MBOM,5,2025-09-06,,Released,"2026-07-16 13:58:28","2026-07-16 13:58:28"
481,1,365,103,8.15,96,0.024,MBOM,5,2026-06-11,,Released,"2026-07-16 13:58:28","2026-07-16 13:58:28"
482,1,365,57,7.9,79,0.0077,EBOM,5,2025-10-30,,Released,"2026-07-16 13:58:28","2026-07-16 13:58:28"
483,1,365,430,6.71,12,0.0197,EBOM,5,2025-09-14,,Released,"2026-07-16 13:58:28","2026-07-16 13:58:28"
484,1,107,458,2.29,30,0.0287,EBOM,5,2026-04-29,,Released,"2026-07-16 13:58:28","2026-07-16 13:58:28"
485,1,107,486,7.24,90,0.0005,MBOM,5,2026-04-10,,Released,"2026-07-16 13:58:28","2026-07-16 13:58:28"
486,1,107,119,4.34,26,0.0277,MBOM,5,2025-09-05,,Released,"2026-07-16 13:58:28","2026-07-16 13:58:28"
487,1,107,88,4.01,4,0.0063,MBOM,5,2025-10-22,,Released,"2026-07-16 13:58:28","2026-07-16 13:58:28"
488,1,107,364,3.41,69,0.0095,MBOM,5,2026-07-02,,Released,"2026-07-16 13:58:28","2026-07-16 13:58:28"
489,1,412,483,2.78,87,0.0088,MBOM,5,2025-08-09,,Released,"2026-07-16 13:58:28","2026-07-16 13:58:28"
490,1,412,266,2.71,94,0.0266,MBOM,5,2026-04-08,,Released,"2026-07-16 13:58:28","2026-07-16 13:58:28"
491,1,412,497,9.05,34,0.0144,MBOM,5,2026-02-12,,Released,"2026-07-16 13:58:28","2026-07-16 13:58:28"
492,1,412,431,1.34,21,0.0088,EBOM,5,2025-10-03,,Released,"2026-07-16 13:58:28","2026-07-16 13:58:28"
493,1,412,437,6.91,13,0.0055,EBOM,5,2025-08-03,,Released,"2026-07-16 13:58:28","2026-07-16 13:58:28"
494,1,412,358,1.71,8,0.0173,MBOM,5,2026-03-20,,Released,"2026-07-16 13:58:28","2026-07-16 13:58:28"
495,1,215,317,9.22,98,0.0143,EBOM,5,2026-06-21,,Released,"2026-07-16 13:58:28","2026-07-16 13:58:28"
496,1,215,311,9.5,33,0.0105,MBOM,5,2026-05-27,,Released,"2026-07-16 13:58:28","2026-07-16 13:58:28"
497,1,215,169,7.92,80,0.0179,EBOM,5,2025-11-20,,Released,"2026-07-16 13:58:28","2026-07-16 13:58:28"
498,1,215,349,7.45,92,0.0218,EBOM,5,2026-05-11,,Released,"2026-07-16 13:58:28","2026-07-16 13:58:28"
499,1,215,351,6.65,36,0.0043,EBOM,5,2025-11-13,,Released,"2026-07-16 13:58:28","2026-07-16 13:58:28"
500,1,215,212,7.99,56,0.0104,MBOM,5,2025-10-26,,Released,"2026-07-16 13:58:28","2026-07-16 13:58:28"
501,1,215,29,3.03,31,0.0101,MBOM,5,2026-02-01,,Released,"2026-07-16 13:58:28","2026-07-16 13:58:28"
502,1,426,369,4.39,18,0.0278,MBOM,5,2026-03-07,,Released,"2026-07-16 13:58:28","2026-07-16 13:58:28"
503,1,426,79,6.17,51,0.027,EBOM,5,2026-03-07,,Released,"2026-07-16 13:58:28","2026-07-16 13:58:28"
504,1,426,101,5.96,53,0.0045,MBOM,5,2025-09-20,,Released,"2026-07-16 13:58:28","2026-07-16 13:58:28"
505,1,253,473,1.09,10,0.0163,MBOM,5,2025-12-07,,Released,"2026-07-16 13:58:28","2026-07-16 13:58:28"
506,1,253,464,9.27,87,0.0186,EBOM,5,2026-03-09,,Released,"2026-07-16 13:58:28","2026-07-16 13:58:28"
507,1,253,171,4.2,19,0.0227,MBOM,5,2025-12-30,,Released,"2026-07-16 13:58:28","2026-07-16 13:58:28"
508,1,253,125,5.44,46,0.0134,MBOM,5,2025-10-02,,Released,"2026-07-16 13:58:28","2026-07-16 13:58:28"
509,1,253,100,9.41,66,0.0275,EBOM,5,2026-07-13,,Released,"2026-07-16 13:58:28","2026-07-16 13:58:28"
510,1,253,394,3.55,83,0.022,EBOM,5,2025-12-16,,Released,"2026-07-16 13:58:28","2026-07-16 13:58:28"
511,1,316,442,3.84,24,0.0249,MBOM,5,2026-04-13,,Released,"2026-07-16 13:58:28","2026-07-16 13:58:28"
512,1,316,484,8.21,12,0.0289,MBOM,5,2026-05-20,,Released,"2026-07-16 13:58:28","2026-07-16 13:58:28"
513,1,316,462,1.1,14,0.0037,EBOM,5,2026-07-03,,Released,"2026-07-16 13:58:28","2026-07-16 13:58:28"
514,1,144,399,1.55,69,0.0076,MBOM,5,2026-06-17,,Released,"2026-07-16 13:58:28","2026-07-16 13:58:28"
515,1,144,165,8.53,71,0.0218,EBOM,5,2026-04-01,,Released,"2026-07-16 13:58:28","2026-07-16 13:58:28"
516,1,144,468,4.42,83,0.0126,MBOM,5,2025-09-01,,Released,"2026-07-16 13:58:28","2026-07-16 13:58:28"
517,1,144,355,4.0,22,0.0225,MBOM,5,2025-11-18,,Released,"2026-07-16 13:58:28","2026-07-16 13:58:28"
518,1,144,244,5.25,31,0.0118,EBOM,5,2025-11-22,,Released,"2026-07-16 13:58:28","2026-07-16 13:58:28"
519,1,465,219,3.48,42,0.0052,EBOM,5,2026-03-28,,Released,"2026-07-16 13:58:28","2026-07-16 13:58:28"
520,1,465,149,8.61,8,0.0255,EBOM,5,2026-02-20,,Released,"2026-07-16 13:58:28","2026-07-16 13:58:28"
521,1,465,378,2.75,37,0.0268,MBOM,5,2025-10-19,,Released,"2026-07-16 13:58:28","2026-07-16 13:58:28"
522,1,124,77,8.19,86,0.0242,EBOM,5,2026-01-20,,Released,"2026-07-16 13:58:28","2026-07-16 13:58:28"
523,1,124,134,4.32,98,0.0215,MBOM,5,2026-06-29,,Draft,"2026-07-16 13:58:28","2026-07-16 13:58:28"
524,1,124,243,8.23,81,0.0172,EBOM,5,2026-02-07,,Released,"2026-07-16 13:58:28","2026-07-16 13:58:28"
525,1,395,72,9.91,69,0.0145,MBOM,5,2026-03-12,,Released,"2026-07-16 13:58:28","2026-07-16 13:58:28"
526,1,395,293,1.21,33,0.0174,EBOM,5,2025-11-21,,Released,"2026-07-16 13:58:28","2026-07-16 13:58:28"
527,1,395,334,2.91,21,0.0039,MBOM,5,2026-04-24,,Released,"2026-07-16 13:58:28","2026-07-16 13:58:28"
528,1,395,414,6.13,72,0.0265,EBOM,5,2026-06-29,,Released,"2026-07-16 13:58:28","2026-07-16 13:58:28"
