Id,OrgId,Code,Name,Spec,Unit,Category,IsActive,CreatedAt,UpdatedAt
1,1,MAT-000001,"Mechanical Item-00001",Spec-2129,kg,Mechanical,1,"2026-07-16 13:58:28","2026-07-16 13:58:28"
2,1,MAT-000002,"Electronic Item-00002",Spec-3363,kg,Electronic,1,"2026-07-16 13:58:28","2026-07-16 13:58:28"
3,1,MAT-000003,"Packaging Item-00003",Spec-2562,set,Packaging,1,"2026-07-16 13:58:28","2026-07-16 13:58:28"
4,1,MAT-000004,"Packaging Item-00004",Spec-3315,kg,Packaging,1,"2026-07-16 13:58:28","2026-07-16 13:58:28"
5,1,MAT-000005,"Electronic Item-00005",Spec-4428,m,Electronic,1,"2026-07-16 13:58:28","2026-07-16 13:58:28"
6,1,MAT-000006,"SemiFinished Item-00006",Spec-1317,set,SemiFinished,1,"2026-07-16 13:58:28","2026-07-16 13:58:28"
7,1,MAT-000007,"Packaging Item-00007",Spec-4576,set,Packaging,1,"2026-07-16 13:58:28","2026-07-16 13:58:28"
8,1,MAT-000008,"SemiFinished Item-00008",Spec-7345,pcs,SemiFinished,1,"2026-07-16 13:58:28","2026-07-16 13:58:28"
9,1,MAT-000009,"Packaging Item-00009",Spec-1397,set,Packaging,1,"2026-07-16 13:58:28","2026-07-16 13:58:28"
10,1,MAT-000010,"Mechanical Item-00010",Spec-9155,kg,Mechanical,1,"2026-07-16 13:58:28","2026-07-16 13:58:28"
11,1,MAT-000011,"Mechanical Item-00011",Spec-2677,set,Mechanical,1,"2026-07-16 13:58:28","2026-07-16 13:58:28"
12,1,MAT-000012,"RawMaterial Item-00012",Spec-6247,m,RawMaterial,1,"2026-07-16 13:58:28","2026-07-16 13:58:28"
13,1,MAT-000013,"Packaging Item-00013",Spec-5820,pcs,Packaging,1,"2026-07-16 13:58:28","2026-07-16 13:58:28"
14,1,MAT-000014,"Packaging Item-00014",Spec-4460,roll,Packaging,1,"2026-07-16 13:58:28","2026-07-16 13:58:28"
15,1,MAT-000015,"SemiFinished Item-00015",Spec-1459,pcs,SemiFinished,1,"2026-07-16 13:58:28","2026-07-16 13:58:28"
16,1,MAT-000016,"Packaging Item-00016",Spec-2036,roll,Packaging,1,"2026-07-16 13:58:28","2026-07-16 13:58:28"
17,1,MAT-000017,"SemiFinished Item-00017",Spec-3606,pair,SemiFinished,1,"2026-07-16 13:58:28","2026-07-16 13:58:28"
18,1,MAT-000018,"Mechanical Item-00018",Spec-1400,kg,Mechanical,1,"2026-07-16 13:58:28","2026-07-16 13:58:28"
19,1,MAT-000019,"Mechanical Item-00019",Spec-1457,set,Mechanical,1,"2026-07-16 13:58:28","2026-07-16 13:58:28"
20,1,MAT-000020,"FinishedGood Item-00020",Spec-6655,roll,FinishedGood,1,"2026-07-16 13:58:28","2026-07-16 13:58:28"
21,1,MAT-000021,"SemiFinished Item-00021",Spec-4286,pcs,SemiFinished,1,"2026-07-16 13:58:28","2026-07-16 13:58:28"
22,1,MAT-000022,"SemiFinished Item-00022",Spec-7462,pcs,SemiFinished,1,"2026-07-16 13:58:28","2026-07-16 13:58:28"
23,1,MAT-000023,"RawMaterial Item-00023",Spec-1108,L,RawMaterial,1,"2026-07-16 13:58:28","2026-07-16 13:58:28"
24,1,MAT-000024,"Packaging Item-00024",Spec-5620,L,Packaging,1,"2026-07-16 13:58:28","2026-07-16 13:58:28"
25,1,MAT-000025,"Electronic Item-00025",Spec-8458,pcs,Electronic,1,"2026-07-16 13:58:28","2026-07-16 13:58:28"
26,1,MAT-000026,"RawMaterial Item-00026",Spec-1573,pcs,RawMaterial,1,"2026-07-16 13:58:28","2026-07-16 13:58:28"
27,1,MAT-000027,"Mechanical Item-00027",Spec-9220,pcs,Mechanical,1,"2026-07-16 13:58:28","2026-07-16 13:58:28"
28,1,MAT-000028,"Chemical Item-00028",Spec-4377,L,Chemical,1,"2026-07-16 13:58:28","2026-07-16 13:58:28"
29,1,MAT-000029,"Mechanical Item-00029",Spec-4354,pcs,Mechanical,1,"2026-07-16 13:58:28","2026-07-16 13:58:28"
30,1,MAT-000030,"RawMaterial Item-00030",Spec-8129,L,RawMaterial,1,"2026-07-16 13:58:28","2026-07-16 13:58:28"
31,1,MAT-000031,"Electronic Item-00031",Spec-3676,L,Electronic,1,"2026-07-16 13:58:28","2026-07-16 13:58:28"
32,1,MAT-000032,"Chemical Item-00032",Spec-7615,set,Chemical,1,"2026-07-16 13:58:28","2026-07-16 13:58:28"
33,1,MAT-000033,"RawMaterial Item-00033",Spec-9618,box,RawMaterial,1,"2026-07-16 13:58:28","2026-07-16 13:58:28"
34,1,MAT-000034,"FinishedGood Item-00034",Spec-2461,roll,FinishedGood,1,"2026-07-16 13:58:28","2026-07-16 13:58:28"
35,1,MAT-000035,"RawMaterial Item-00035",Spec-3998,L,RawMaterial,1,"2026-07-16 13:58:28","2026-07-16 13:58:28"
36,1,MAT-000036,"Packaging Item-00036",Spec-2212,kg,Packaging,1,"2026-07-16 13:58:28","2026-07-16 13:58:28"
37,1,MAT-000037,"SemiFinished Item-00037",Spec-5615,set,SemiFinished,1,"2026-07-16 13:58:28","2026-07-16 13:58:28"
38,1,MAT-000038,"Chemical Item-00038",Spec-7047,pair,Chemical,1,"2026-07-16 13:58:28","2026-07-16 13:58:28"
39,1,MAT-000039,"Packaging Item-00039",Spec-5967,m,Packaging,1,"2026-07-16 13:58:28","2026-07-16 13:58:28"
40,1,MAT-000040,"Chemical Item-00040",Spec-1217,roll,Chemical,1,"2026-07-16 13:58:28","2026-07-16 13:58:28"
41,1,MAT-000041,"FinishedGood Item-00041",Spec-1244,box,FinishedGood,1,"2026-07-16 13:58:28","2026-07-16 13:58:28"
42,1,MAT-000042,"SemiFinished Item-00042",Spec-1346,m,SemiFinished,1,"2026-07-16 13:58:28","2026-07-16 13:58:28"
43,1,MAT-000043,"SemiFinished Item-00043",Spec-4799,set,SemiFinished,1,"2026-07-16 13:58:28","2026-07-16 13:58:28"
44,1,MAT-000044,"RawMaterial Item-00044",Spec-2092,box,RawMaterial,1,"2026-07-16 13:58:28","2026-07-16 13:58:28"
45,1,MAT-000045,"RawMaterial Item-00045",Spec-3914,m,RawMaterial,1,"2026-07-16 13:58:28","2026-07-16 13:58:28"
46,1,MAT-000046,"Packaging Item-00046",Spec-1081,pair,Packaging,1,"2026-07-16 13:58:28","2026-07-16 13:58:28"
47,1,MAT-000047,"RawMaterial Item-00047",Spec-9062,pair,RawMaterial,1,"2026-07-16 13:58:28","2026-07-16 13:58:28"
48,1,MAT-000048,"SemiFinished Item-00048",Spec-8606,box,SemiFinished,1,"2026-07-16 13:58:28","2026-07-16 13:58:28"
49,1,MAT-000049,"SemiFinished Item-00049",Spec-6709,set,SemiFinished,1,"2026-07-16 13:58:28","2026-07-16 13:58:28"
50,1,MAT-000050,"Mechanical Item-00050",Spec-3675,kg,Mechanical,1,"2026-07-16 13:58:28","2026-07-16 13:58:28"
51,1,MAT-000051,"SemiFinished Item-00051",Spec-3077,pcs,SemiFinished,1,"2026-07-16 13:58:28","2026-07-16 13:58:28"
52,1,MAT-000052,"Chemical Item-00052",Spec-8033,box,Chemical,1,"2026-07-16 13:58:28","2026-07-16 13:58:28"
53,1,MAT-000053,"RawMaterial Item-00053",Spec-2680,box,RawMaterial,1,"2026-07-16 13:58:28","2026-07-16 13:58:28"
54,1,MAT-000054,"FinishedGood Item-00054",Spec-6005,set,FinishedGood,1,"2026-07-16 13:58:28","2026-07-16 13:58:28"
55,1,MAT-000055,"Mechanical Item-00055",Spec-6383,pcs,Mechanical,1,"2026-07-16 13:58:28","2026-07-16 13:58:28"
56,1,MAT-000056,"FinishedGood Item-00056",Spec-5003,box,FinishedGood,1,"2026-07-16 13:58:28","2026-07-16 13:58:28"
57,1,MAT-000057,"FinishedGood Item-00057",Spec-5172,box,FinishedGood,1,"2026-07-16 13:58:28","2026-07-16 13:58:28"
58,1,MAT-000058,"Electronic Item-00058",Spec-8292,box,Electronic,1,"2026-07-16 13:58:28","2026-07-16 13:58:28"
59,1,MAT-000059,"RawMaterial Item-00059",Spec-1025,pcs,RawMaterial,1,"2026-07-16 13:58:28","2026-07-16 13:58:28"
60,1,MAT-000060,"SemiFinished Item-00060",Spec-7480,box,SemiFinished,1,"2026-07-16 13:58:28","2026-07-16 13:58:28"
61,1,MAT-000061,"FinishedGood Item-00061",Spec-4599,set,FinishedGood,1,"2026-07-16 13:58:28","2026-07-16 13:58:28"
62,1,MAT-000062,"RawMaterial Item-00062",Spec-9674,box,RawMaterial,1,"2026-07-16 13:58:28","2026-07-16 13:58:28"
63,1,MAT-000063,"Chemical Item-00063",Spec-4004,kg,Chemical,1,"2026-07-16 13:58:28","2026-07-16 13:58:28"
64,1,MAT-000064,"Electronic Item-00064",Spec-9480,set,Electronic,1,"2026-07-16 13:58:28","2026-07-16 13:58:28"
65,1,MAT-000065,"Packaging Item-00065",Spec-3524,roll,Packaging,1,"2026-07-16 13:58:28","2026-07-16 13:58:28"
66,1,MAT-000066,"FinishedGood Item-00066",Spec-8237,set,FinishedGood,1,"2026-07-16 13:58:28","2026-07-16 13:58:28"
67,1,MAT-000067,"SemiFinished Item-00067",Spec-6979,box,SemiFinished,1,"2026-07-16 13:58:28","2026-07-16 13:58:28"
68,1,MAT-000068,"SemiFinished Item-00068",Spec-3056,m,SemiFinished,1,"2026-07-16 13:58:28","2026-07-16 13:58:28"
69,1,MAT-000069,"Packaging Item-00069",Spec-1736,roll,Packaging,1,"2026-07-16 13:58:28","2026-07-16 13:58:28"
70,1,MAT-000070,"FinishedGood Item-00070",Spec-8919,pair,FinishedGood,1,"2026-07-16 13:58:28","2026-07-16 13:58:28"
71,1,MAT-000071,"Packaging Item-00071",Spec-9486,box,Packaging,1,"2026-07-16 13:58:28","2026-07-16 13:58:28"
72,1,MAT-000072,"Electronic Item-00072",Spec-9721,box,Electronic,1,"2026-07-16 13:58:28","2026-07-16 13:58:28"
73,1,MAT-000073,"SemiFinished Item-00073",Spec-2900,set,SemiFinished,1,"2026-07-16 13:58:28","2026-07-16 13:58:28"
74,1,MAT-000074,"Mechanical Item-00074",Spec-7373,set,Mechanical,1,"2026-07-16 13:58:28","2026-07-16 13:58:28"
75,1,MAT-000075,"RawMaterial Item-00075",Spec-4130,pair,RawMaterial,1,"2026-07-16 13:58:28","2026-07-16 13:58:28"
76,1,MAT-000076,"Electronic Item-00076",Spec-2803,roll,Electronic,1,"2026-07-16 13:58:28","2026-07-16 13:58:28"
77,1,MAT-000077,"Electronic Item-00077",Spec-6235,pair,Electronic,1,"2026-07-16 13:58:28","2026-07-16 13:58:28"
78,1,MAT-000078,"SemiFinished Item-00078",Spec-1470,box,SemiFinished,1,"2026-07-16 13:58:28","2026-07-16 13:58:28"
79,1,MAT-000079,"RawMaterial Item-00079",Spec-3822,kg,RawMaterial,1,"2026-07-16 13:58:28","2026-07-16 13:58:28"
80,1,MAT-000080,"SemiFinished Item-00080",Spec-3435,m,SemiFinished,1,"2026-07-16 13:58:28","2026-07-16 13:58:28"
81,1,MAT-000081,"Chemical Item-00081",Spec-4307,L,Chemical,1,"2026-07-16 13:58:28","2026-07-16 13:58:28"
82,1,MAT-000082,"Electronic Item-00082",Spec-6962,pair,Electronic,1,"2026-07-16 13:58:28","2026-07-16 13:58:28"
83,1,MAT-000083,"Chemical Item-00083",Spec-8708,m,Chemical,1,"2026-07-16 13:58:28","2026-07-16 13:58:28"
84,1,MAT-000084,"FinishedGood Item-00084",Spec-9441,kg,FinishedGood,1,"2026-07-16 13:58:28","2026-07-16 13:58:28"
85,1,MAT-000085,"Mechanical Item-00085",Spec-4483,set,Mechanical,1,"2026-07-16 13:58:28","2026-07-16 13:58:28"
86,1,MAT-000086,"Chemical Item-00086",Spec-5239,pcs,Chemical,1,"2026-07-16 13:58:28","2026-07-16 13:58:28"
87,1,MAT-000087,"Chemical Item-00087",Spec-9273,m,Chemical,1,"2026-07-16 13:58:28","2026-07-16 13:58:28"
88,1,MAT-000088,"Chemical Item-00088",Spec-1148,box,Chemical,1,"2026-07-16 13:58:28","2026-07-16 13:58:28"
89,1,MAT-000089,"FinishedGood Item-00089",Spec-1167,set,FinishedGood,1,"2026-07-16 13:58:28","2026-07-16 13:58:28"
90,1,MAT-000090,"Chemical Item-00090",Spec-7086,L,Chemical,1,"2026-07-16 13:58:28","2026-07-16 13:58:28"
91,1,MAT-000091,"Mechanical Item-00091",Spec-3665,box,Mechanical,1,"2026-07-16 13:58:28","2026-07-16 13:58:28"
92,1,MAT-000092,"Chemical Item-00092",Spec-1277,pair,Chemical,1,"2026-07-16 13:58:28","2026-07-16 13:58:28"
93,1,MAT-000093,"FinishedGood Item-00093",Spec-1383,roll,FinishedGood,1,"2026-07-16 13:58:28","2026-07-16 13:58:28"
94,1,MAT-000094,"Mechanical Item-00094",Spec-4284,set,Mechanical,1,"2026-07-16 13:58:28","2026-07-16 13:58:28"
95,1,MAT-000095,"FinishedGood Item-00095",Spec-6445,kg,FinishedGood,1,"2026-07-16 13:58:28","2026-07-16 13:58:28"
96,1,MAT-000096,"Mechanical Item-00096",Spec-3896,set,Mechanical,1,"2026-07-16 13:58:28","2026-07-16 13:58:28"
97,1,MAT-000097,"Mechanical Item-00097",Spec-2223,pcs,Mechanical,1,"2026-07-16 13:58:28","2026-07-16 13:58:28"
98,1,MAT-000098,"Packaging Item-00098",Spec-9809,m,Packaging,1,"2026-07-16 13:58:28","2026-07-16 13:58:28"
99,1,MAT-000099,"FinishedGood Item-00099",Spec-6213,pcs,FinishedGood,1,"2026-07-16 13:58:28","2026-07-16 13:58:28"
100,1,MAT-000100,"FinishedGood Item-00100",Spec-2648,kg,FinishedGood,1,"2026-07-16 13:58:28","2026-07-16 13:58:28"
101,1,MAT-000101,"Mechanical Item-00101",Spec-9502,pcs,Mechanical,1,"2026-07-16 13:58:28","2026-07-16 13:58:28"
102,1,MAT-000102,"SemiFinished Item-00102",Spec-2789,roll,SemiFinished,1,"2026-07-16 13:58:28","2026-07-16 13:58:28"
103,1,MAT-000103,"Mechanical Item-00103",Spec-8744,roll,Mechanical,1,"2026-07-16 13:58:28","2026-07-16 13:58:28"
104,1,MAT-000104,"FinishedGood Item-00104",Spec-4791,set,FinishedGood,1,"2026-07-16 13:58:28","2026-07-16 13:58:28"
105,1,MAT-000105,"FinishedGood Item-00105",Spec-8113,kg,FinishedGood,1,"2026-07-16 13:58:28","2026-07-16 13:58:28"
106,1,MAT-000106,"Electronic Item-00106",Spec-7048,set,Electronic,1,"2026-07-16 13:58:28","2026-07-16 13:58:28"
107,1,MAT-000107,"FinishedGood Item-00107",Spec-9771,roll,FinishedGood,1,"2026-07-16 13:58:28","2026-07-16 13:58:28"
108,1,MAT-000108,"Mechanical Item-00108",Spec-3801,kg,Mechanical,1,"2026-07-16 13:58:28","2026-07-16 13:58:28"
109,1,MAT-000109,"Electronic Item-00109",Spec-7243,pair,Electronic,1,"2026-07-16 13:58:28","2026-07-16 13:58:28"
110,1,MAT-000110,"FinishedGood Item-00110",Spec-7763,set,FinishedGood,1,"2026-07-16 13:58:28","2026-07-16 13:58:28"
111,1,MAT-000111,"Electronic Item-00111",Spec-5515,box,Electronic,1,"2026-07-16 13:58:28","2026-07-16 13:58:28"
112,1,MAT-000112,"Chemical Item-00112",Spec-4719,pcs,Chemical,1,"2026-07-16 13:58:28","2026-07-16 13:58:28"
113,1,MAT-000113,"FinishedGood Item-00113",Spec-6063,kg,FinishedGood,1,"2026-07-16 13:58:28","2026-07-16 13:58:28"
114,1,MAT-000114,"FinishedGood Item-00114",Spec-9576,pcs,FinishedGood,1,"2026-07-16 13:58:28","2026-07-16 13:58:28"
115,1,MAT-000115,"Electronic Item-00115",Spec-5357,m,Electronic,1,"2026-07-16 13:58:28","2026-07-16 13:58:28"
116,1,MAT-000116,"Packaging Item-00116",Spec-1859,L,Packaging,1,"2026-07-16 13:58:28","2026-07-16 13:58:28"
117,1,MAT-000117,"SemiFinished Item-00117",Spec-5167,pair,SemiFinished,1,"2026-07-16 13:58:28","2026-07-16 13:58:28"
118,1,MAT-000118,"Chemical Item-00118",Spec-5506,box,Chemical,1,"2026-07-16 13:58:28","2026-07-16 13:58:28"
119,1,MAT-000119,"SemiFinished Item-00119",Spec-8945,box,SemiFinished,1,"2026-07-16 13:58:28","2026-07-16 13:58:28"
120,1,MAT-000120,"Mechanical Item-00120",Spec-8584,roll,Mechanical,1,"2026-07-16 13:58:28","2026-07-16 13:58:28"
121,1,MAT-000121,"Electronic Item-00121",Spec-1568,m,Electronic,1,"2026-07-16 13:58:28","2026-07-16 13:58:28"
122,1,MAT-000122,"RawMaterial Item-00122",Spec-6628,box,RawMaterial,1,"2026-07-16 13:58:28","2026-07-16 13:58:28"
123,1,MAT-000123,"Chemical Item-00123",Spec-2385,set,Chemical,1,"2026-07-16 13:58:28","2026-07-16 13:58:28"
124,1,MAT-000124,"FinishedGood Item-00124",Spec-4364,kg,FinishedGood,1,"2026-07-16 13:58:28","2026-07-16 13:58:28"
125,1,MAT-000125,"RawMaterial Item-00125",Spec-6875,pcs,RawMaterial,1,"2026-07-16 13:58:28","2026-07-16 13:58:28"
126,1,MAT-000126,"RawMaterial Item-00126",Spec-9248,kg,RawMaterial,1,"2026-07-16 13:58:28","2026-07-16 13:58:28"
127,1,MAT-000127,"Packaging Item-00127",Spec-4590,pair,Packaging,1,"2026-07-16 13:58:28","2026-07-16 13:58:28"
128,1,MAT-000128,"Mechanical Item-00128",Spec-8130,kg,Mechanical,1,"2026-07-16 13:58:28","2026-07-16 13:58:28"
129,1,MAT-000129,"FinishedGood Item-00129",Spec-1451,set,FinishedGood,1,"2026-07-16 13:58:28","2026-07-16 13:58:28"
130,1,MAT-000130,"RawMaterial Item-00130",Spec-1846,roll,RawMaterial,1,"2026-07-16 13:58:28","2026-07-16 13:58:28"
131,1,MAT-000131,"Electronic Item-00131",Spec-5713,pair,Electronic,1,"2026-07-16 13:58:28","2026-07-16 13:58:28"
132,1,MAT-000132,"Packaging Item-00132",Spec-7094,box,Packaging,1,"2026-07-16 13:58:28","2026-07-16 13:58:28"
133,1,MAT-000133,"Chemical Item-00133",Spec-4637,m,Chemical,1,"2026-07-16 13:58:28","2026-07-16 13:58:28"
134,1,MAT-000134,"Chemical Item-00134",Spec-8603,pair,Chemical,1,"2026-07-16 13:58:28","2026-07-16 13:58:28"
135,1,MAT-000135,"Chemical Item-00135",Spec-6963,pair,Chemical,1,"2026-07-16 13:58:28","2026-07-16 13:58:28"
136,1,MAT-000136,"RawMaterial Item-00136",Spec-9410,pair,RawMaterial,1,"2026-07-16 13:58:28","2026-07-16 13:58:28"
137,1,MAT-000137,"Packaging Item-00137",Spec-7405,kg,Packaging,1,"2026-07-16 13:58:28","2026-07-16 13:58:28"
138,1,MAT-000138,"Chemical Item-00138",Spec-8325,pair,Chemical,1,"2026-07-16 13:58:28","2026-07-16 13:58:28"
139,1,MAT-000139,"Electronic Item-00139",Spec-2761,box,Electronic,1,"2026-07-16 13:58:28","2026-07-16 13:58:28"
140,1,MAT-000140,"SemiFinished Item-00140",Spec-4242,pair,SemiFinished,1,"2026-07-16 13:58:28","2026-07-16 13:58:28"
141,1,MAT-000141,"Mechanical Item-00141",Spec-9261,box,Mechanical,1,"2026-07-16 13:58:28","2026-07-16 13:58:28"
142,1,MAT-000142,"RawMaterial Item-00142",Spec-4127,pair,RawMaterial,1,"2026-07-16 13:58:28","2026-07-16 13:58:28"
143,1,MAT-000143,"Packaging Item-00143",Spec-1934,L,Packaging,1,"2026-07-16 13:58:28","2026-07-16 13:58:28"
144,1,MAT-000144,"Chemical Item-00144",Spec-8947,kg,Chemical,1,"2026-07-16 13:58:28","2026-07-16 13:58:28"
145,1,MAT-000145,"Electronic Item-00145",Spec-1275,box,Electronic,1,"2026-07-16 13:58:28","2026-07-16 13:58:28"
146,1,MAT-000146,"Electronic Item-00146",Spec-3858,roll,Electronic,1,"2026-07-16 13:58:28","2026-07-16 13:58:28"
147,1,MAT-000147,"RawMaterial Item-00147",Spec-7718,kg,RawMaterial,1,"2026-07-16 13:58:28","2026-07-16 13:58:28"
148,1,MAT-000148,"RawMaterial Item-00148",Spec-5178,kg,RawMaterial,1,"2026-07-16 13:58:28","2026-07-16 13:58:28"
149,1,MAT-000149,"FinishedGood Item-00149",Spec-9822,set,FinishedGood,1,"2026-07-16 13:58:28","2026-07-16 13:58:28"
150,1,MAT-000150,"Mechanical Item-00150",Spec-9949,m,Mechanical,1,"2026-07-16 13:58:28","2026-07-16 13:58:28"
151,1,MAT-000151,"Electronic Item-00151",Spec-5784,set,Electronic,1,"2026-07-16 13:58:28","2026-07-16 13:58:28"
152,1,MAT-000152,"RawMaterial Item-00152",Spec-8889,m,RawMaterial,1,"2026-07-16 13:58:28","2026-07-16 13:58:28"
153,1,MAT-000153,"Chemical Item-00153",Spec-9678,box,Chemical,1,"2026-07-16 13:58:28","2026-07-16 13:58:28"
154,1,MAT-000154,"FinishedGood Item-00154",Spec-4673,kg,FinishedGood,1,"2026-07-16 13:58:28","2026-07-16 13:58:28"
155,1,MAT-000155,"Packaging Item-00155",Spec-1493,pair,Packaging,1,"2026-07-16 13:58:28","2026-07-16 13:58:28"
156,1,MAT-000156,"Packaging Item-00156",Spec-8540,L,Packaging,1,"2026-07-16 13:58:28","2026-07-16 13:58:28"
157,1,MAT-000157,"Packaging Item-00157",Spec-3250,box,Packaging,1,"2026-07-16 13:58:28","2026-07-16 13:58:28"
158,1,MAT-000158,"Chemical Item-00158",Spec-6591,kg,Chemical,1,"2026-07-16 13:58:28","2026-07-16 13:58:28"
159,1,MAT-000159,"Mechanical Item-00159",Spec-7886,L,Mechanical,1,"2026-07-16 13:58:28","2026-07-16 13:58:28"
160,1,MAT-000160,"Electronic Item-00160",Spec-3544,roll,Electronic,1,"2026-07-16 13:58:28","2026-07-16 13:58:28"
161,1,MAT-000161,"FinishedGood Item-00161",Spec-2021,kg,FinishedGood,1,"2026-07-16 13:58:28","2026-07-16 13:58:28"
162,1,MAT-000162,"RawMaterial Item-00162",Spec-5616,L,RawMaterial,1,"2026-07-16 13:58:28","2026-07-16 13:58:28"
163,1,MAT-000163,"FinishedGood Item-00163",Spec-7164,L,FinishedGood,1,"2026-07-16 13:58:28","2026-07-16 13:58:28"
164,1,MAT-000164,"SemiFinished Item-00164",Spec-7974,roll,SemiFinished,1,"2026-07-16 13:58:28","2026-07-16 13:58:28"
165,1,MAT-000165,"FinishedGood Item-00165",Spec-9639,pair,FinishedGood,1,"2026-07-16 13:58:28","2026-07-16 13:58:28"
166,1,MAT-000166,"FinishedGood Item-00166",Spec-3528,m,FinishedGood,1,"2026-07-16 13:58:28","2026-07-16 13:58:28"
167,1,MAT-000167,"FinishedGood Item-00167",Spec-1991,set,FinishedGood,1,"2026-07-16 13:58:28","2026-07-16 13:58:28"
168,1,MAT-000168,"RawMaterial Item-00168",Spec-4475,box,RawMaterial,1,"2026-07-16 13:58:28","2026-07-16 13:58:28"
169,1,MAT-000169,"Packaging Item-00169",Spec-5298,set,Packaging,1,"2026-07-16 13:58:28","2026-07-16 13:58:28"
170,1,MAT-000170,"Chemical Item-00170",Spec-8412,L,Chemical,1,"2026-07-16 13:58:28","2026-07-16 13:58:28"
171,1,MAT-000171,"RawMaterial Item-00171",Spec-2836,L,RawMaterial,1,"2026-07-16 13:58:28","2026-07-16 13:58:28"
172,1,MAT-000172,"Mechanical Item-00172",Spec-1889,box,Mechanical,1,"2026-07-16 13:58:28","2026-07-16 13:58:28"
173,1,MAT-000173,"FinishedGood Item-00173",Spec-4402,roll,FinishedGood,1,"2026-07-16 13:58:28","2026-07-16 13:58:28"
174,1,MAT-000174,"Electronic Item-00174",Spec-9868,L,Electronic,1,"2026-07-16 13:58:28","2026-07-16 13:58:28"
175,1,MAT-000175,"SemiFinished Item-00175",Spec-3363,roll,SemiFinished,1,"2026-07-16 13:58:28","2026-07-16 13:58:28"
176,1,MAT-000176,"Electronic Item-00176",Spec-3940,set,Electronic,1,"2026-07-16 13:58:28","2026-07-16 13:58:28"
177,1,MAT-000177,"Mechanical Item-00177",Spec-2573,m,Mechanical,1,"2026-07-16 13:58:28","2026-07-16 13:58:28"
178,1,MAT-000178,"Electronic Item-00178",Spec-2114,pcs,Electronic,1,"2026-07-16 13:58:28","2026-07-16 13:58:28"
179,1,MAT-000179,"SemiFinished Item-00179",Spec-2924,kg,SemiFinished,1,"2026-07-16 13:58:28","2026-07-16 13:58:28"
180,1,MAT-000180,"Packaging Item-00180",Spec-9016,m,Packaging,1,"2026-07-16 13:58:28","2026-07-16 13:58:28"
181,1,MAT-000181,"RawMaterial Item-00181",Spec-1345,L,RawMaterial,1,"2026-07-16 13:58:28","2026-07-16 13:58:28"
182,1,MAT-000182,"Chemical Item-00182",Spec-2387,pcs,Chemical,1,"2026-07-16 13:58:28","2026-07-16 13:58:28"
183,1,MAT-000183,"Electronic Item-00183",Spec-8796,roll,Electronic,1,"2026-07-16 13:58:28","2026-07-16 13:58:28"
184,1,MAT-000184,"Chemical Item-00184",Spec-6071,pcs,Chemical,1,"2026-07-16 13:58:28","2026-07-16 13:58:28"
185,1,MAT-000185,"Chemical Item-00185",Spec-1689,pair,Chemical,1,"2026-07-16 13:58:28","2026-07-16 13:58:28"
186,1,MAT-000186,"RawMaterial Item-00186",Spec-3671,box,RawMaterial,1,"2026-07-16 13:58:28","2026-07-16 13:58:28"
187,1,MAT-000187,"RawMaterial Item-00187",Spec-1706,m,RawMaterial,1,"2026-07-16 13:58:28","2026-07-16 13:58:28"
188,1,MAT-000188,"SemiFinished Item-00188",Spec-2393,kg,SemiFinished,1,"2026-07-16 13:58:28","2026-07-16 13:58:28"
189,1,MAT-000189,"Mechanical Item-00189",Spec-4858,roll,Mechanical,1,"2026-07-16 13:58:28","2026-07-16 13:58:28"
190,1,MAT-000190,"RawMaterial Item-00190",Spec-7510,set,RawMaterial,1,"2026-07-16 13:58:28","2026-07-16 13:58:28"
191,1,MAT-000191,"Chemical Item-00191",Spec-4206,set,Chemical,1,"2026-07-16 13:58:28","2026-07-16 13:58:28"
192,1,MAT-000192,"Electronic Item-00192",Spec-1321,set,Electronic,1,"2026-07-16 13:58:28","2026-07-16 13:58:28"
193,1,MAT-000193,"Chemical Item-00193",Spec-6282,m,Chemical,1,"2026-07-16 13:58:28","2026-07-16 13:58:28"
194,1,MAT-000194,"RawMaterial Item-00194",Spec-8679,box,RawMaterial,1,"2026-07-16 13:58:28","2026-07-16 13:58:28"
195,1,MAT-000195,"Electronic Item-00195",Spec-3083,pair,Electronic,1,"2026-07-16 13:58:28","2026-07-16 13:58:28"
196,1,MAT-000196,"Mechanical Item-00196",Spec-2589,set,Mechanical,1,"2026-07-16 13:58:28","2026-07-16 13:58:28"
197,1,MAT-000197,"RawMaterial Item-00197",Spec-3114,pcs,RawMaterial,1,"2026-07-16 13:58:28","2026-07-16 13:58:28"
198,1,MAT-000198,"Chemical Item-00198",Spec-1860,set,Chemical,1,"2026-07-16 13:58:28","2026-07-16 13:58:28"
199,1,MAT-000199,"Packaging Item-00199",Spec-2731,box,Packaging,1,"2026-07-16 13:58:28","2026-07-16 13:58:28"
200,1,MAT-000200,"Chemical Item-00200",Spec-4738,kg,Chemical,1,"2026-07-16 13:58:28","2026-07-16 13:58:28"
201,1,MAT-000201,"Packaging Item-00201",Spec-2461,L,Packaging,1,"2026-07-16 13:58:28","2026-07-16 13:58:28"
202,1,MAT-000202,"SemiFinished Item-00202",Spec-5287,box,SemiFinished,1,"2026-07-16 13:58:28","2026-07-16 13:58:28"
203,1,MAT-000203,"SemiFinished Item-00203",Spec-4248,L,SemiFinished,1,"2026-07-16 13:58:28","2026-07-16 13:58:28"
204,1,MAT-000204,"RawMaterial Item-00204",Spec-7281,kg,RawMaterial,1,"2026-07-16 13:58:28","2026-07-16 13:58:28"
205,1,MAT-000205,"Mechanical Item-00205",Spec-4286,pcs,Mechanical,1,"2026-07-16 13:58:28","2026-07-16 13:58:28"
206,1,MAT-000206,"SemiFinished Item-00206",Spec-5037,roll,SemiFinished,1,"2026-07-16 13:58:28","2026-07-16 13:58:28"
207,1,MAT-000207,"Chemical Item-00207",Spec-1410,pcs,Chemical,1,"2026-07-16 13:58:28","2026-07-16 13:58:28"
208,1,MAT-000208,"SemiFinished Item-00208",Spec-5150,pcs,SemiFinished,1,"2026-07-16 13:58:28","2026-07-16 13:58:28"
209,1,MAT-000209,"Electronic Item-00209",Spec-9671,box,Electronic,1,"2026-07-16 13:58:28","2026-07-16 13:58:28"
210,1,MAT-000210,"SemiFinished Item-00210",Spec-6599,roll,SemiFinished,1,"2026-07-16 13:58:28","2026-07-16 13:58:28"
211,1,MAT-000211,"Packaging Item-00211",Spec-1712,pcs,Packaging,1,"2026-07-16 13:58:28","2026-07-16 13:58:28"
212,1,MAT-000212,"SemiFinished Item-00212",Spec-4719,L,SemiFinished,1,"2026-07-16 13:58:28","2026-07-16 13:58:28"
213,1,MAT-000213,"Mechanical Item-00213",Spec-8415,m,Mechanical,1,"2026-07-16 13:58:28","2026-07-16 13:58:28"
214,1,MAT-000214,"Packaging Item-00214",Spec-2492,L,Packaging,1,"2026-07-16 13:58:28","2026-07-16 13:58:28"
215,1,MAT-000215,"Packaging Item-00215",Spec-8831,pcs,Packaging,1,"2026-07-16 13:58:28","2026-07-16 13:58:28"
216,1,MAT-000216,"Electronic Item-00216",Spec-6296,kg,Electronic,1,"2026-07-16 13:58:28","2026-07-16 13:58:28"
217,1,MAT-000217,"Packaging Item-00217",Spec-2744,set,Packaging,1,"2026-07-16 13:58:28","2026-07-16 13:58:28"
218,1,MAT-000218,"Packaging Item-00218",Spec-2573,box,Packaging,1,"2026-07-16 13:58:28","2026-07-16 13:58:28"
219,1,MAT-000219,"FinishedGood Item-00219",Spec-5119,L,FinishedGood,1,"2026-07-16 13:58:28","2026-07-16 13:58:28"
220,1,MAT-000220,"Mechanical Item-00220",Spec-1074,roll,Mechanical,1,"2026-07-16 13:58:28","2026-07-16 13:58:28"
221,1,MAT-000221,"Electronic Item-00221",Spec-7665,box,Electronic,1,"2026-07-16 13:58:28","2026-07-16 13:58:28"
222,1,MAT-000222,"Packaging Item-00222",Spec-2026,kg,Packaging,1,"2026-07-16 13:58:28","2026-07-16 13:58:28"
223,1,MAT-000223,"Mechanical Item-00223",Spec-6688,set,Mechanical,1,"2026-07-16 13:58:28","2026-07-16 13:58:28"
224,1,MAT-000224,"Chemical Item-00224",Spec-4356,set,Chemical,1,"2026-07-16 13:58:28","2026-07-16 13:58:28"
225,1,MAT-000225,"Mechanical Item-00225",Spec-6701,kg,Mechanical,1,"2026-07-16 13:58:28","2026-07-16 13:58:28"
226,1,MAT-000226,"Chemical Item-00226",Spec-1238,L,Chemical,1,"2026-07-16 13:58:28","2026-07-16 13:58:28"
227,1,MAT-000227,"Mechanical Item-00227",Spec-7846,box,Mechanical,1,"2026-07-16 13:58:28","2026-07-16 13:58:28"
228,1,MAT-000228,"FinishedGood Item-00228",Spec-1790,set,FinishedGood,1,"2026-07-16 13:58:28","2026-07-16 13:58:28"
229,1,MAT-000229,"FinishedGood Item-00229",Spec-1929,pcs,FinishedGood,1,"2026-07-16 13:58:28","2026-07-16 13:58:28"
230,1,MAT-000230,"Chemical Item-00230",Spec-9186,pair,Chemical,1,"2026-07-16 13:58:28","2026-07-16 13:58:28"
231,1,MAT-000231,"Chemical Item-00231",Spec-6966,box,Chemical,1,"2026-07-16 13:58:28","2026-07-16 13:58:28"
232,1,MAT-000232,"Packaging Item-00232",Spec-5117,kg,Packaging,1,"2026-07-16 13:58:28","2026-07-16 13:58:28"
233,1,MAT-000233,"FinishedGood Item-00233",Spec-8279,pcs,FinishedGood,1,"2026-07-16 13:58:28","2026-07-16 13:58:28"
234,1,MAT-000234,"Packaging Item-00234",Spec-7019,box,Packaging,1,"2026-07-16 13:58:28","2026-07-16 13:58:28"
235,1,MAT-000235,"Chemical Item-00235",Spec-1474,pair,Chemical,1,"2026-07-16 13:58:28","2026-07-16 13:58:28"
236,1,MAT-000236,"Packaging Item-00236",Spec-8126,pcs,Packaging,1,"2026-07-16 13:58:28","2026-07-16 13:58:28"
237,1,MAT-000237,"Electronic Item-00237",Spec-1331,L,Electronic,1,"2026-07-16 13:58:28","2026-07-16 13:58:28"
238,1,MAT-000238,"Electronic Item-00238",Spec-7326,pcs,Electronic,1,"2026-07-16 13:58:28","2026-07-16 13:58:28"
239,1,MAT-000239,"SemiFinished Item-00239",Spec-4745,kg,SemiFinished,1,"2026-07-16 13:58:28","2026-07-16 13:58:28"
240,1,MAT-000240,"Mechanical Item-00240",Spec-1881,m,Mechanical,1,"2026-07-16 13:58:28","2026-07-16 13:58:28"
241,1,MAT-000241,"RawMaterial Item-00241",Spec-7626,roll,RawMaterial,1,"2026-07-16 13:58:28","2026-07-16 13:58:28"
242,1,MAT-000242,"Packaging Item-00242",Spec-5901,box,Packaging,1,"2026-07-16 13:58:28","2026-07-16 13:58:28"
243,1,MAT-000243,"Mechanical Item-00243",Spec-9333,pair,Mechanical,1,"2026-07-16 13:58:28","2026-07-16 13:58:28"
244,1,MAT-000244,"SemiFinished Item-00244",Spec-4236,L,SemiFinished,1,"2026-07-16 13:58:28","2026-07-16 13:58:28"
245,1,MAT-000245,"SemiFinished Item-00245",Spec-1299,pair,SemiFinished,1,"2026-07-16 13:58:28","2026-07-16 13:58:28"
246,1,MAT-000246,"RawMaterial Item-00246",Spec-7764,L,RawMaterial,1,"2026-07-16 13:58:28","2026-07-16 13:58:28"
247,1,MAT-000247,"RawMaterial Item-00247",Spec-9823,set,RawMaterial,1,"2026-07-16 13:58:28","2026-07-16 13:58:28"
248,1,MAT-000248,"FinishedGood Item-00248",Spec-3807,m,FinishedGood,1,"2026-07-16 13:58:28","2026-07-16 13:58:28"
249,1,MAT-000249,"Chemical Item-00249",Spec-8913,set,Chemical,1,"2026-07-16 13:58:28","2026-07-16 13:58:28"
250,1,MAT-000250,"Chemical Item-00250",Spec-1941,set,Chemical,1,"2026-07-16 13:58:28","2026-07-16 13:58:28"
251,1,MAT-000251,"RawMaterial Item-00251",Spec-7898,pair,RawMaterial,1,"2026-07-16 13:58:28","2026-07-16 13:58:28"
252,1,MAT-000252,"Mechanical Item-00252",Spec-2832,roll,Mechanical,1,"2026-07-16 13:58:28","2026-07-16 13:58:28"
253,1,MAT-000253,"Chemical Item-00253",Spec-8039,kg,Chemical,1,"2026-07-16 13:58:28","2026-07-16 13:58:28"
254,1,MAT-000254,"Electronic Item-00254",Spec-3790,pcs,Electronic,1,"2026-07-16 13:58:28","2026-07-16 13:58:28"
255,1,MAT-000255,"Chemical Item-00255",Spec-1316,m,Chemical,1,"2026-07-16 13:58:28","2026-07-16 13:58:28"
256,1,MAT-000256,"Mechanical Item-00256",Spec-3480,kg,Mechanical,1,"2026-07-16 13:58:28","2026-07-16 13:58:28"
257,1,MAT-000257,"Mechanical Item-00257",Spec-7469,kg,Mechanical,1,"2026-07-16 13:58:28","2026-07-16 13:58:28"
258,1,MAT-000258,"Mechanical Item-00258",Spec-7322,set,Mechanical,1,"2026-07-16 13:58:28","2026-07-16 13:58:28"
259,1,MAT-000259,"RawMaterial Item-00259",Spec-4162,roll,RawMaterial,1,"2026-07-16 13:58:28","2026-07-16 13:58:28"
260,1,MAT-000260,"FinishedGood Item-00260",Spec-5248,pair,FinishedGood,1,"2026-07-16 13:58:28","2026-07-16 13:58:28"
261,1,MAT-000261,"Mechanical Item-00261",Spec-3164,roll,Mechanical,1,"2026-07-16 13:58:28","2026-07-16 13:58:28"
262,1,MAT-000262,"Packaging Item-00262",Spec-7140,kg,Packaging,1,"2026-07-16 13:58:28","2026-07-16 13:58:28"
263,1,MAT-000263,"Mechanical Item-00263",Spec-1802,set,Mechanical,1,"2026-07-16 13:58:28","2026-07-16 13:58:28"
264,1,MAT-000264,"Packaging Item-00264",Spec-2663,kg,Packaging,1,"2026-07-16 13:58:28","2026-07-16 13:58:28"
265,1,MAT-000265,"Chemical Item-00265",Spec-5471,set,Chemical,1,"2026-07-16 13:58:28","2026-07-16 13:58:28"
266,1,MAT-000266,"Mechanical Item-00266",Spec-9978,L,Mechanical,1,"2026-07-16 13:58:28","2026-07-16 13:58:28"
267,1,MAT-000267,"SemiFinished Item-00267",Spec-3793,kg,SemiFinished,1,"2026-07-16 13:58:28","2026-07-16 13:58:28"
268,1,MAT-000268,"Mechanical Item-00268",Spec-4716,m,Mechanical,1,"2026-07-16 13:58:28","2026-07-16 13:58:28"
269,1,MAT-000269,"FinishedGood Item-00269",Spec-2391,L,FinishedGood,1,"2026-07-16 13:58:28","2026-07-16 13:58:28"
270,1,MAT-000270,"RawMaterial Item-00270",Spec-1415,set,RawMaterial,1,"2026-07-16 13:58:28","2026-07-16 13:58:28"
271,1,MAT-000271,"Packaging Item-00271",Spec-4458,set,Packaging,1,"2026-07-16 13:58:28","2026-07-16 13:58:28"
272,1,MAT-000272,"FinishedGood Item-00272",Spec-4247,pair,FinishedGood,1,"2026-07-16 13:58:28","2026-07-16 13:58:28"
273,1,MAT-000273,"RawMaterial Item-00273",Spec-3075,pcs,RawMaterial,1,"2026-07-16 13:58:28","2026-07-16 13:58:28"
274,1,MAT-000274,"FinishedGood Item-00274",Spec-7363,pcs,FinishedGood,1,"2026-07-16 13:58:28","2026-07-16 13:58:28"
275,1,MAT-000275,"SemiFinished Item-00275",Spec-9962,pair,SemiFinished,1,"2026-07-16 13:58:28","2026-07-16 13:58:28"
276,1,MAT-000276,"Electronic Item-00276",Spec-1815,roll,Electronic,1,"2026-07-16 13:58:28","2026-07-16 13:58:28"
277,1,MAT-000277,"SemiFinished Item-00277",Spec-3283,L,SemiFinished,1,"2026-07-16 13:58:28","2026-07-16 13:58:28"
278,1,MAT-000278,"FinishedGood Item-00278",Spec-6885,kg,FinishedGood,1,"2026-07-16 13:58:28","2026-07-16 13:58:28"
279,1,MAT-000279,"SemiFinished Item-00279",Spec-5136,pcs,SemiFinished,1,"2026-07-16 13:58:28","2026-07-16 13:58:28"
280,1,MAT-000280,"Packaging Item-00280",Spec-7820,L,Packaging,1,"2026-07-16 13:58:28","2026-07-16 13:58:28"
281,1,MAT-000281,"Electronic Item-00281",Spec-9217,set,Electronic,1,"2026-07-16 13:58:28","2026-07-16 13:58:28"
282,1,MAT-000282,"RawMaterial Item-00282",Spec-6862,box,RawMaterial,1,"2026-07-16 13:58:28","2026-07-16 13:58:28"
283,1,MAT-000283,"Packaging Item-00283",Spec-7157,roll,Packaging,1,"2026-07-16 13:58:28","2026-07-16 13:58:28"
284,1,MAT-000284,"RawMaterial Item-00284",Spec-4610,set,RawMaterial,1,"2026-07-16 13:58:28","2026-07-16 13:58:28"
285,1,MAT-000285,"Packaging Item-00285",Spec-2002,box,Packaging,1,"2026-07-16 13:58:28","2026-07-16 13:58:28"
286,1,MAT-000286,"Mechanical Item-00286",Spec-5050,L,Mechanical,1,"2026-07-16 13:58:28","2026-07-16 13:58:28"
287,1,MAT-000287,"FinishedGood Item-00287",Spec-7134,pair,FinishedGood,1,"2026-07-16 13:58:28","2026-07-16 13:58:28"
288,1,MAT-000288,"RawMaterial Item-00288",Spec-2317,pair,RawMaterial,1,"2026-07-16 13:58:28","2026-07-16 13:58:28"
289,1,MAT-000289,"Packaging Item-00289",Spec-4242,L,Packaging,1,"2026-07-16 13:58:28","2026-07-16 13:58:28"
290,1,MAT-000290,"Packaging Item-00290",Spec-8029,kg,Packaging,1,"2026-07-16 13:58:28","2026-07-16 13:58:28"
291,1,MAT-000291,"Chemical Item-00291",Spec-6476,kg,Chemical,1,"2026-07-16 13:58:28","2026-07-16 13:58:28"
292,1,MAT-000292,"Electronic Item-00292",Spec-5996,pair,Electronic,1,"2026-07-16 13:58:28","2026-07-16 13:58:28"
293,1,MAT-000293,"Packaging Item-00293",Spec-8764,kg,Packaging,1,"2026-07-16 13:58:28","2026-07-16 13:58:28"
294,1,MAT-000294,"FinishedGood Item-00294",Spec-1322,roll,FinishedGood,1,"2026-07-16 13:58:28","2026-07-16 13:58:28"
295,1,MAT-000295,"FinishedGood Item-00295",Spec-8614,pcs,FinishedGood,1,"2026-07-16 13:58:28","2026-07-16 13:58:28"
296,1,MAT-000296,"Packaging Item-00296",Spec-3013,set,Packaging,1,"2026-07-16 13:58:28","2026-07-16 13:58:28"
297,1,MAT-000297,"Electronic Item-00297",Spec-6798,set,Electronic,1,"2026-07-16 13:58:28","2026-07-16 13:58:28"
298,1,MAT-000298,"RawMaterial Item-00298",Spec-6256,L,RawMaterial,1,"2026-07-16 13:58:28","2026-07-16 13:58:28"
299,1,MAT-000299,"RawMaterial Item-00299",Spec-7035,L,RawMaterial,1,"2026-07-16 13:58:28","2026-07-16 13:58:28"
300,1,MAT-000300,"Packaging Item-00300",Spec-5309,m,Packaging,1,"2026-07-16 13:58:28","2026-07-16 13:58:28"
301,1,MAT-000301,"FinishedGood Item-00301",Spec-5595,pcs,FinishedGood,1,"2026-07-16 13:58:28","2026-07-16 13:58:28"
302,1,MAT-000302,"Chemical Item-00302",Spec-4230,kg,Chemical,1,"2026-07-16 13:58:28","2026-07-16 13:58:28"
303,1,MAT-000303,"Packaging Item-00303",Spec-1889,m,Packaging,1,"2026-07-16 13:58:28","2026-07-16 13:58:28"
304,1,MAT-000304,"Electronic Item-00304",Spec-3464,pair,Electronic,1,"2026-07-16 13:58:28","2026-07-16 13:58:28"
305,1,MAT-000305,"Mechanical Item-00305",Spec-2063,pcs,Mechanical,1,"2026-07-16 13:58:28","2026-07-16 13:58:28"
306,1,MAT-000306,"Mechanical Item-00306",Spec-8095,roll,Mechanical,1,"2026-07-16 13:58:28","2026-07-16 13:58:28"
307,1,MAT-000307,"FinishedGood Item-00307",Spec-9206,box,FinishedGood,1,"2026-07-16 13:58:28","2026-07-16 13:58:28"
308,1,MAT-000308,"RawMaterial Item-00308",Spec-6311,kg,RawMaterial,1,"2026-07-16 13:58:28","2026-07-16 13:58:28"
309,1,MAT-000309,"RawMaterial Item-00309",Spec-8481,box,RawMaterial,1,"2026-07-16 13:58:28","2026-07-16 13:58:28"
310,1,MAT-000310,"RawMaterial Item-00310",Spec-4252,L,RawMaterial,1,"2026-07-16 13:58:28","2026-07-16 13:58:28"
311,1,MAT-000311,"Chemical Item-00311",Spec-9034,pcs,Chemical,1,"2026-07-16 13:58:28","2026-07-16 13:58:28"
312,1,MAT-000312,"FinishedGood Item-00312",Spec-6967,pcs,FinishedGood,1,"2026-07-16 13:58:28","2026-07-16 13:58:28"
313,1,MAT-000313,"Electronic Item-00313",Spec-8515,set,Electronic,1,"2026-07-16 13:58:28","2026-07-16 13:58:28"
314,1,MAT-000314,"Electronic Item-00314",Spec-3629,pcs,Electronic,1,"2026-07-16 13:58:28","2026-07-16 13:58:28"
315,1,MAT-000315,"RawMaterial Item-00315",Spec-7740,box,RawMaterial,1,"2026-07-16 13:58:28","2026-07-16 13:58:28"
316,1,MAT-000316,"FinishedGood Item-00316",Spec-4040,L,FinishedGood,1,"2026-07-16 13:58:28","2026-07-16 13:58:28"
317,1,MAT-000317,"Electronic Item-00317",Spec-8253,L,Electronic,1,"2026-07-16 13:58:28","2026-07-16 13:58:28"
318,1,MAT-000318,"Chemical Item-00318",Spec-3795,L,Chemical,1,"2026-07-16 13:58:28","2026-07-16 13:58:28"
319,1,MAT-000319,"Electronic Item-00319",Spec-8942,kg,Electronic,1,"2026-07-16 13:58:28","2026-07-16 13:58:28"
320,1,MAT-000320,"Chemical Item-00320",Spec-4086,pair,Chemical,1,"2026-07-16 13:58:28","2026-07-16 13:58:28"
321,1,MAT-000321,"Electronic Item-00321",Spec-9080,pair,Electronic,1,"2026-07-16 13:58:28","2026-07-16 13:58:28"
322,1,MAT-000322,"Packaging Item-00322",Spec-8038,roll,Packaging,1,"2026-07-16 13:58:28","2026-07-16 13:58:28"
323,1,MAT-000323,"FinishedGood Item-00323",Spec-1174,kg,FinishedGood,1,"2026-07-16 13:58:28","2026-07-16 13:58:28"
324,1,MAT-000324,"Electronic Item-00324",Spec-2389,pcs,Electronic,1,"2026-07-16 13:58:28","2026-07-16 13:58:28"
325,1,MAT-000325,"Chemical Item-00325",Spec-8918,pair,Chemical,1,"2026-07-16 13:58:28","2026-07-16 13:58:28"
326,1,MAT-000326,"Mechanical Item-00326",Spec-2811,pcs,Mechanical,1,"2026-07-16 13:58:28","2026-07-16 13:58:28"
327,1,MAT-000327,"Packaging Item-00327",Spec-5222,pair,Packaging,1,"2026-07-16 13:58:28","2026-07-16 13:58:28"
328,1,MAT-000328,"Electronic Item-00328",Spec-9692,set,Electronic,1,"2026-07-16 13:58:28","2026-07-16 13:58:28"
329,1,MAT-000329,"Electronic Item-00329",Spec-6046,pcs,Electronic,1,"2026-07-16 13:58:28","2026-07-16 13:58:28"
330,1,MAT-000330,"Mechanical Item-00330",Spec-9088,pair,Mechanical,1,"2026-07-16 13:58:28","2026-07-16 13:58:28"
331,1,MAT-000331,"Packaging Item-00331",Spec-7631,set,Packaging,1,"2026-07-16 13:58:28","2026-07-16 13:58:28"
332,1,MAT-000332,"Electronic Item-00332",Spec-3627,box,Electronic,1,"2026-07-16 13:58:28","2026-07-16 13:58:28"
333,1,MAT-000333,"FinishedGood Item-00333",Spec-3831,L,FinishedGood,1,"2026-07-16 13:58:28","2026-07-16 13:58:28"
334,1,MAT-000334,"Chemical Item-00334",Spec-2972,box,Chemical,1,"2026-07-16 13:58:28","2026-07-16 13:58:28"
335,1,MAT-000335,"FinishedGood Item-00335",Spec-3788,pcs,FinishedGood,1,"2026-07-16 13:58:28","2026-07-16 13:58:28"
336,1,MAT-000336,"Mechanical Item-00336",Spec-6878,box,Mechanical,1,"2026-07-16 13:58:28","2026-07-16 13:58:28"
337,1,MAT-000337,"Electronic Item-00337",Spec-2284,box,Electronic,1,"2026-07-16 13:58:28","2026-07-16 13:58:28"
338,1,MAT-000338,"Mechanical Item-00338",Spec-1000,pcs,Mechanical,1,"2026-07-16 13:58:28","2026-07-16 13:58:28"
339,1,MAT-000339,"Chemical Item-00339",Spec-2885,pcs,Chemical,1,"2026-07-16 13:58:28","2026-07-16 13:58:28"
340,1,MAT-000340,"Chemical Item-00340",Spec-7023,kg,Chemical,1,"2026-07-16 13:58:28","2026-07-16 13:58:28"
341,1,MAT-000341,"SemiFinished Item-00341",Spec-4475,pair,SemiFinished,1,"2026-07-16 13:58:28","2026-07-16 13:58:28"
342,1,MAT-000342,"RawMaterial Item-00342",Spec-5643,roll,RawMaterial,1,"2026-07-16 13:58:28","2026-07-16 13:58:28"
343,1,MAT-000343,"FinishedGood Item-00343",Spec-8683,L,FinishedGood,1,"2026-07-16 13:58:28","2026-07-16 13:58:28"
344,1,MAT-000344,"Mechanical Item-00344",Spec-6618,kg,Mechanical,1,"2026-07-16 13:58:28","2026-07-16 13:58:28"
345,1,MAT-000345,"Chemical Item-00345",Spec-7989,pair,Chemical,1,"2026-07-16 13:58:28","2026-07-16 13:58:28"
346,1,MAT-000346,"SemiFinished Item-00346",Spec-5929,kg,SemiFinished,1,"2026-07-16 13:58:28","2026-07-16 13:58:28"
347,1,MAT-000347,"Mechanical Item-00347",Spec-1662,box,Mechanical,1,"2026-07-16 13:58:28","2026-07-16 13:58:28"
348,1,MAT-000348,"Chemical Item-00348",Spec-8826,kg,Chemical,1,"2026-07-16 13:58:28","2026-07-16 13:58:28"
349,1,MAT-000349,"Packaging Item-00349",Spec-5727,pcs,Packaging,1,"2026-07-16 13:58:28","2026-07-16 13:58:28"
350,1,MAT-000350,"Packaging Item-00350",Spec-9326,set,Packaging,1,"2026-07-16 13:58:28","2026-07-16 13:58:28"
351,1,MAT-000351,"RawMaterial Item-00351",Spec-2847,L,RawMaterial,1,"2026-07-16 13:58:28","2026-07-16 13:58:28"
352,1,MAT-000352,"Mechanical Item-00352",Spec-2717,roll,Mechanical,1,"2026-07-16 13:58:28","2026-07-16 13:58:28"
353,1,MAT-000353,"Packaging Item-00353",Spec-4026,kg,Packaging,1,"2026-07-16 13:58:28","2026-07-16 13:58:28"
354,1,MAT-000354,"Packaging Item-00354",Spec-5205,kg,Packaging,1,"2026-07-16 13:58:28","2026-07-16 13:58:28"
355,1,MAT-000355,"Packaging Item-00355",Spec-7495,pair,Packaging,1,"2026-07-16 13:58:28","2026-07-16 13:58:28"
356,1,MAT-000356,"Electronic Item-00356",Spec-2844,pair,Electronic,1,"2026-07-16 13:58:28","2026-07-16 13:58:28"
357,1,MAT-000357,"SemiFinished Item-00357",Spec-8731,set,SemiFinished,1,"2026-07-16 13:58:28","2026-07-16 13:58:28"
358,1,MAT-000358,"Mechanical Item-00358",Spec-3503,m,Mechanical,1,"2026-07-16 13:58:28","2026-07-16 13:58:28"
359,1,MAT-000359,"Mechanical Item-00359",Spec-6825,m,Mechanical,1,"2026-07-16 13:58:28","2026-07-16 13:58:28"
360,1,MAT-000360,"Electronic Item-00360",Spec-6176,m,Electronic,1,"2026-07-16 13:58:28","2026-07-16 13:58:28"
361,1,MAT-000361,"Chemical Item-00361",Spec-8586,roll,Chemical,1,"2026-07-16 13:58:28","2026-07-16 13:58:28"
362,1,MAT-000362,"Chemical Item-00362",Spec-7868,set,Chemical,1,"2026-07-16 13:58:28","2026-07-16 13:58:28"
363,1,MAT-000363,"FinishedGood Item-00363",Spec-2159,kg,FinishedGood,1,"2026-07-16 13:58:28","2026-07-16 13:58:28"
364,1,MAT-000364,"Mechanical Item-00364",Spec-9792,L,Mechanical,1,"2026-07-16 13:58:28","2026-07-16 13:58:28"
365,1,MAT-000365,"SemiFinished Item-00365",Spec-7027,pair,SemiFinished,1,"2026-07-16 13:58:28","2026-07-16 13:58:28"
366,1,MAT-000366,"Mechanical Item-00366",Spec-3777,pcs,Mechanical,1,"2026-07-16 13:58:28","2026-07-16 13:58:28"
367,1,MAT-000367,"SemiFinished Item-00367",Spec-3741,kg,SemiFinished,1,"2026-07-16 13:58:28","2026-07-16 13:58:28"
368,1,MAT-000368,"FinishedGood Item-00368",Spec-9950,set,FinishedGood,1,"2026-07-16 13:58:28","2026-07-16 13:58:28"
369,1,MAT-000369,"RawMaterial Item-00369",Spec-2675,L,RawMaterial,1,"2026-07-16 13:58:28","2026-07-16 13:58:28"
370,1,MAT-000370,"Chemical Item-00370",Spec-4884,pcs,Chemical,1,"2026-07-16 13:58:28","2026-07-16 13:58:28"
371,1,MAT-000371,"Electronic Item-00371",Spec-8500,m,Electronic,1,"2026-07-16 13:58:28","2026-07-16 13:58:28"
372,1,MAT-000372,"Packaging Item-00372",Spec-5978,pair,Packaging,1,"2026-07-16 13:58:28","2026-07-16 13:58:28"
373,1,MAT-000373,"Mechanical Item-00373",Spec-4034,pair,Mechanical,1,"2026-07-16 13:58:28","2026-07-16 13:58:28"
374,1,MAT-000374,"Chemical Item-00374",Spec-5979,pcs,Chemical,1,"2026-07-16 13:58:28","2026-07-16 13:58:28"
375,1,MAT-000375,"RawMaterial Item-00375",Spec-2860,roll,RawMaterial,1,"2026-07-16 13:58:28","2026-07-16 13:58:28"
376,1,MAT-000376,"Chemical Item-00376",Spec-4722,L,Chemical,1,"2026-07-16 13:58:28","2026-07-16 13:58:28"
377,1,MAT-000377,"Mechanical Item-00377",Spec-2850,box,Mechanical,1,"2026-07-16 13:58:28","2026-07-16 13:58:28"
378,1,MAT-000378,"FinishedGood Item-00378",Spec-2140,m,FinishedGood,1,"2026-07-16 13:58:28","2026-07-16 13:58:28"
379,1,MAT-000379,"SemiFinished Item-00379",Spec-2505,roll,SemiFinished,1,"2026-07-16 13:58:28","2026-07-16 13:58:28"
380,1,MAT-000380,"Packaging Item-00380",Spec-1763,pair,Packaging,1,"2026-07-16 13:58:28","2026-07-16 13:58:28"
381,1,MAT-000381,"Mechanical Item-00381",Spec-2723,L,Mechanical,1,"2026-07-16 13:58:28","2026-07-16 13:58:28"
382,1,MAT-000382,"Mechanical Item-00382",Spec-1904,pcs,Mechanical,1,"2026-07-16 13:58:28","2026-07-16 13:58:28"
383,1,MAT-000383,"SemiFinished Item-00383",Spec-1532,L,SemiFinished,1,"2026-07-16 13:58:28","2026-07-16 13:58:28"
384,1,MAT-000384,"RawMaterial Item-00384",Spec-3136,box,RawMaterial,1,"2026-07-16 13:58:28","2026-07-16 13:58:28"
385,1,MAT-000385,"Chemical Item-00385",Spec-2245,kg,Chemical,1,"2026-07-16 13:58:28","2026-07-16 13:58:28"
386,1,MAT-000386,"Packaging Item-00386",Spec-8882,kg,Packaging,1,"2026-07-16 13:58:28","2026-07-16 13:58:28"
387,1,MAT-000387,"Packaging Item-00387",Spec-9732,kg,Packaging,1,"2026-07-16 13:58:28","2026-07-16 13:58:28"
388,1,MAT-000388,"Packaging Item-00388",Spec-1543,m,Packaging,1,"2026-07-16 13:58:28","2026-07-16 13:58:28"
389,1,MAT-000389,"SemiFinished Item-00389",Spec-9530,kg,SemiFinished,1,"2026-07-16 13:58:28","2026-07-16 13:58:28"
390,1,MAT-000390,"Mechanical Item-00390",Spec-2194,L,Mechanical,1,"2026-07-16 13:58:28","2026-07-16 13:58:28"
391,1,MAT-000391,"FinishedGood Item-00391",Spec-1074,pair,FinishedGood,1,"2026-07-16 13:58:28","2026-07-16 13:58:28"
392,1,MAT-000392,"SemiFinished Item-00392",Spec-6466,L,SemiFinished,1,"2026-07-16 13:58:28","2026-07-16 13:58:28"
393,1,MAT-000393,"FinishedGood Item-00393",Spec-6355,L,FinishedGood,1,"2026-07-16 13:58:28","2026-07-16 13:58:28"
394,1,MAT-000394,"RawMaterial Item-00394",Spec-1000,roll,RawMaterial,1,"2026-07-16 13:58:28","2026-07-16 13:58:28"
395,1,MAT-000395,"FinishedGood Item-00395",Spec-1066,L,FinishedGood,1,"2026-07-16 13:58:28","2026-07-16 13:58:28"
396,1,MAT-000396,"Chemical Item-00396",Spec-2613,m,Chemical,1,"2026-07-16 13:58:28","2026-07-16 13:58:28"
397,1,MAT-000397,"Chemical Item-00397",Spec-4833,set,Chemical,1,"2026-07-16 13:58:28","2026-07-16 13:58:28"
398,1,MAT-000398,"FinishedGood Item-00398",Spec-7106,pcs,FinishedGood,1,"2026-07-16 13:58:28","2026-07-16 13:58:28"
399,1,MAT-000399,"RawMaterial Item-00399",Spec-2558,pair,RawMaterial,1,"2026-07-16 13:58:28","2026-07-16 13:58:28"
400,1,MAT-000400,"RawMaterial Item-00400",Spec-8536,L,RawMaterial,1,"2026-07-16 13:58:28","2026-07-16 13:58:28"
401,1,MAT-000401,"SemiFinished Item-00401",Spec-9636,L,SemiFinished,1,"2026-07-16 13:58:28","2026-07-16 13:58:28"
402,1,MAT-000402,"Chemical Item-00402",Spec-2854,roll,Chemical,1,"2026-07-16 13:58:28","2026-07-16 13:58:28"
403,1,MAT-000403,"SemiFinished Item-00403",Spec-8270,roll,SemiFinished,1,"2026-07-16 13:58:28","2026-07-16 13:58:28"
404,1,MAT-000404,"Electronic Item-00404",Spec-8789,L,Electronic,1,"2026-07-16 13:58:28","2026-07-16 13:58:28"
405,1,MAT-000405,"SemiFinished Item-00405",Spec-5008,roll,SemiFinished,1,"2026-07-16 13:58:28","2026-07-16 13:58:28"
406,1,MAT-000406,"Chemical Item-00406",Spec-8441,L,Chemical,1,"2026-07-16 13:58:28","2026-07-16 13:58:28"
407,1,MAT-000407,"RawMaterial Item-00407",Spec-8538,m,RawMaterial,1,"2026-07-16 13:58:28","2026-07-16 13:58:28"
408,1,MAT-000408,"Packaging Item-00408",Spec-9740,roll,Packaging,1,"2026-07-16 13:58:28","2026-07-16 13:58:28"
409,1,MAT-000409,"Mechanical Item-00409",Spec-7436,pcs,Mechanical,1,"2026-07-16 13:58:28","2026-07-16 13:58:28"
410,1,MAT-000410,"FinishedGood Item-00410",Spec-6191,kg,FinishedGood,1,"2026-07-16 13:58:28","2026-07-16 13:58:28"
411,1,MAT-000411,"Electronic Item-00411",Spec-9166,kg,Electronic,1,"2026-07-16 13:58:28","2026-07-16 13:58:28"
412,1,MAT-000412,"Packaging Item-00412",Spec-3714,box,Packaging,1,"2026-07-16 13:58:28","2026-07-16 13:58:28"
413,1,MAT-000413,"RawMaterial Item-00413",Spec-7850,L,RawMaterial,1,"2026-07-16 13:58:28","2026-07-16 13:58:28"
414,1,MAT-000414,"Packaging Item-00414",Spec-6833,roll,Packaging,1,"2026-07-16 13:58:28","2026-07-16 13:58:28"
415,1,MAT-000415,"FinishedGood Item-00415",Spec-2167,L,FinishedGood,1,"2026-07-16 13:58:28","2026-07-16 13:58:28"
416,1,MAT-000416,"Electronic Item-00416",Spec-4409,pcs,Electronic,1,"2026-07-16 13:58:28","2026-07-16 13:58:28"
417,1,MAT-000417,"SemiFinished Item-00417",Spec-4477,kg,SemiFinished,1,"2026-07-16 13:58:28","2026-07-16 13:58:28"
418,1,MAT-000418,"FinishedGood Item-00418",Spec-2921,pcs,FinishedGood,1,"2026-07-16 13:58:28","2026-07-16 13:58:28"
419,1,MAT-000419,"Chemical Item-00419",Spec-7465,L,Chemical,1,"2026-07-16 13:58:28","2026-07-16 13:58:28"
420,1,MAT-000420,"Chemical Item-00420",Spec-6723,kg,Chemical,1,"2026-07-16 13:58:28","2026-07-16 13:58:28"
421,1,MAT-000421,"Electronic Item-00421",Spec-6228,box,Electronic,1,"2026-07-16 13:58:28","2026-07-16 13:58:28"
422,1,MAT-000422,"SemiFinished Item-00422",Spec-2428,pcs,SemiFinished,1,"2026-07-16 13:58:28","2026-07-16 13:58:28"
423,1,MAT-000423,"Chemical Item-00423",Spec-7551,set,Chemical,1,"2026-07-16 13:58:28","2026-07-16 13:58:28"
424,1,MAT-000424,"SemiFinished Item-00424",Spec-9909,box,SemiFinished,1,"2026-07-16 13:58:28","2026-07-16 13:58:28"
425,1,MAT-000425,"RawMaterial Item-00425",Spec-5666,m,RawMaterial,1,"2026-07-16 13:58:28","2026-07-16 13:58:28"
426,1,MAT-000426,"SemiFinished Item-00426",Spec-3349,L,SemiFinished,1,"2026-07-16 13:58:28","2026-07-16 13:58:28"
427,1,MAT-000427,"Packaging Item-00427",Spec-1755,kg,Packaging,1,"2026-07-16 13:58:28","2026-07-16 13:58:28"
428,1,MAT-000428,"FinishedGood Item-00428",Spec-9943,pcs,FinishedGood,1,"2026-07-16 13:58:28","2026-07-16 13:58:28"
429,1,MAT-000429,"SemiFinished Item-00429",Spec-2372,pcs,SemiFinished,1,"2026-07-16 13:58:28","2026-07-16 13:58:28"
430,1,MAT-000430,"Mechanical Item-00430",Spec-6127,pair,Mechanical,1,"2026-07-16 13:58:28","2026-07-16 13:58:28"
431,1,MAT-000431,"Mechanical Item-00431",Spec-2875,pcs,Mechanical,1,"2026-07-16 13:58:28","2026-07-16 13:58:28"
432,1,MAT-000432,"RawMaterial Item-00432",Spec-8556,m,RawMaterial,1,"2026-07-16 13:58:28","2026-07-16 13:58:28"
433,1,MAT-000433,"RawMaterial Item-00433",Spec-4245,kg,RawMaterial,1,"2026-07-16 13:58:28","2026-07-16 13:58:28"
434,1,MAT-000434,"Chemical Item-00434",Spec-5387,set,Chemical,1,"2026-07-16 13:58:28","2026-07-16 13:58:28"
435,1,MAT-000435,"Mechanical Item-00435",Spec-2927,pcs,Mechanical,1,"2026-07-16 13:58:28","2026-07-16 13:58:28"
436,1,MAT-000436,"FinishedGood Item-00436",Spec-8438,m,FinishedGood,1,"2026-07-16 13:58:28","2026-07-16 13:58:28"
437,1,MAT-000437,"Mechanical Item-00437",Spec-9877,pair,Mechanical,1,"2026-07-16 13:58:28","2026-07-16 13:58:28"
438,1,MAT-000438,"Electronic Item-00438",Spec-1660,kg,Electronic,1,"2026-07-16 13:58:28","2026-07-16 13:58:28"
439,1,MAT-000439,"Electronic Item-00439",Spec-8225,kg,Electronic,1,"2026-07-16 13:58:28","2026-07-16 13:58:28"
440,1,MAT-000440,"Mechanical Item-00440",Spec-1077,pcs,Mechanical,1,"2026-07-16 13:58:28","2026-07-16 13:58:28"
441,1,MAT-000441,"RawMaterial Item-00441",Spec-7885,m,RawMaterial,1,"2026-07-16 13:58:28","2026-07-16 13:58:28"
442,1,MAT-000442,"SemiFinished Item-00442",Spec-8902,set,SemiFinished,1,"2026-07-16 13:58:28","2026-07-16 13:58:28"
443,1,MAT-000443,"Packaging Item-00443",Spec-9469,box,Packaging,1,"2026-07-16 13:58:28","2026-07-16 13:58:28"
444,1,MAT-000444,"Mechanical Item-00444",Spec-3311,pcs,Mechanical,1,"2026-07-16 13:58:28","2026-07-16 13:58:28"
445,1,MAT-000445,"Chemical Item-00445",Spec-5894,pair,Chemical,1,"2026-07-16 13:58:28","2026-07-16 13:58:28"
446,1,MAT-000446,"Mechanical Item-00446",Spec-1063,roll,Mechanical,1,"2026-07-16 13:58:28","2026-07-16 13:58:28"
447,1,MAT-000447,"Packaging Item-00447",Spec-8267,pair,Packaging,1,"2026-07-16 13:58:28","2026-07-16 13:58:28"
448,1,MAT-000448,"FinishedGood Item-00448",Spec-9527,box,FinishedGood,1,"2026-07-16 13:58:28","2026-07-16 13:58:28"
449,1,MAT-000449,"Mechanical Item-00449",Spec-9142,kg,Mechanical,1,"2026-07-16 13:58:28","2026-07-16 13:58:28"
450,1,MAT-000450,"RawMaterial Item-00450",Spec-2403,set,RawMaterial,1,"2026-07-16 13:58:28","2026-07-16 13:58:28"
451,1,MAT-000451,"RawMaterial Item-00451",Spec-1899,L,RawMaterial,1,"2026-07-16 13:58:28","2026-07-16 13:58:28"
452,1,MAT-000452,"FinishedGood Item-00452",Spec-4045,box,FinishedGood,1,"2026-07-16 13:58:28","2026-07-16 13:58:28"
453,1,MAT-000453,"Packaging Item-00453",Spec-5759,L,Packaging,1,"2026-07-16 13:58:28","2026-07-16 13:58:28"
454,1,MAT-000454,"FinishedGood Item-00454",Spec-4060,set,FinishedGood,1,"2026-07-16 13:58:28","2026-07-16 13:58:28"
455,1,MAT-000455,"Chemical Item-00455",Spec-7192,pcs,Chemical,1,"2026-07-16 13:58:28","2026-07-16 13:58:28"
456,1,MAT-000456,"Packaging Item-00456",Spec-3488,set,Packaging,1,"2026-07-16 13:58:28","2026-07-16 13:58:28"
457,1,MAT-000457,"Electronic Item-00457",Spec-5220,box,Electronic,1,"2026-07-16 13:58:28","2026-07-16 13:58:28"
458,1,MAT-000458,"Packaging Item-00458",Spec-3217,pair,Packaging,1,"2026-07-16 13:58:28","2026-07-16 13:58:28"
459,1,MAT-000459,"SemiFinished Item-00459",Spec-3384,roll,SemiFinished,1,"2026-07-16 13:58:28","2026-07-16 13:58:28"
460,1,MAT-000460,"Packaging Item-00460",Spec-4911,set,Packaging,1,"2026-07-16 13:58:28","2026-07-16 13:58:28"
461,1,MAT-000461,"Chemical Item-00461",Spec-4305,roll,Chemical,1,"2026-07-16 13:58:28","2026-07-16 13:58:28"
462,1,MAT-000462,"Packaging Item-00462",Spec-6778,roll,Packaging,1,"2026-07-16 13:58:28","2026-07-16 13:58:28"
463,1,MAT-000463,"SemiFinished Item-00463",Spec-9150,set,SemiFinished,1,"2026-07-16 13:58:28","2026-07-16 13:58:28"
464,1,MAT-000464,"SemiFinished Item-00464",Spec-2735,pair,SemiFinished,1,"2026-07-16 13:58:28","2026-07-16 13:58:28"
465,1,MAT-000465,"Electronic Item-00465",Spec-2614,L,Electronic,1,"2026-07-16 13:58:28","2026-07-16 13:58:28"
466,1,MAT-000466,"Electronic Item-00466",Spec-9846,L,Electronic,1,"2026-07-16 13:58:28","2026-07-16 13:58:28"
467,1,MAT-000467,"SemiFinished Item-00467",Spec-6120,pair,SemiFinished,1,"2026-07-16 13:58:28","2026-07-16 13:58:28"
468,1,MAT-000468,"Mechanical Item-00468",Spec-6556,set,Mechanical,1,"2026-07-16 13:58:28","2026-07-16 13:58:28"
469,1,MAT-000469,"Mechanical Item-00469",Spec-7052,kg,Mechanical,1,"2026-07-16 13:58:28","2026-07-16 13:58:28"
470,1,MAT-000470,"Packaging Item-00470",Spec-3559,kg,Packaging,1,"2026-07-16 13:58:28","2026-07-16 13:58:28"
471,1,MAT-000471,"RawMaterial Item-00471",Spec-9258,box,RawMaterial,1,"2026-07-16 13:58:28","2026-07-16 13:58:28"
472,1,MAT-000472,"RawMaterial Item-00472",Spec-9710,m,RawMaterial,1,"2026-07-16 13:58:28","2026-07-16 13:58:28"
473,1,MAT-000473,"Chemical Item-00473",Spec-4364,pcs,Chemical,1,"2026-07-16 13:58:28","2026-07-16 13:58:28"
474,1,MAT-000474,"RawMaterial Item-00474",Spec-1076,set,RawMaterial,1,"2026-07-16 13:58:28","2026-07-16 13:58:28"
475,1,MAT-000475,"FinishedGood Item-00475",Spec-1736,m,FinishedGood,1,"2026-07-16 13:58:28","2026-07-16 13:58:28"
476,1,MAT-000476,"SemiFinished Item-00476",Spec-4273,m,SemiFinished,1,"2026-07-16 13:58:28","2026-07-16 13:58:28"
477,1,MAT-000477,"RawMaterial Item-00477",Spec-3157,roll,RawMaterial,1,"2026-07-16 13:58:28","2026-07-16 13:58:28"
478,1,MAT-000478,"SemiFinished Item-00478",Spec-7490,set,SemiFinished,1,"2026-07-16 13:58:28","2026-07-16 13:58:28"
479,1,MAT-000479,"Chemical Item-00479",Spec-1370,m,Chemical,1,"2026-07-16 13:58:28","2026-07-16 13:58:28"
480,1,MAT-000480,"Packaging Item-00480",Spec-4609,pcs,Packaging,1,"2026-07-16 13:58:28","2026-07-16 13:58:28"
481,1,MAT-000481,"Chemical Item-00481",Spec-4576,m,Chemical,1,"2026-07-16 13:58:28","2026-07-16 13:58:28"
482,1,MAT-000482,"Mechanical Item-00482",Spec-9720,kg,Mechanical,1,"2026-07-16 13:58:28","2026-07-16 13:58:28"
483,1,MAT-000483,"SemiFinished Item-00483",Spec-1730,L,SemiFinished,1,"2026-07-16 13:58:28","2026-07-16 13:58:28"
484,1,MAT-000484,"SemiFinished Item-00484",Spec-4061,L,SemiFinished,1,"2026-07-16 13:58:28","2026-07-16 13:58:28"
485,1,MAT-000485,"Mechanical Item-00485",Spec-3528,kg,Mechanical,1,"2026-07-16 13:58:28","2026-07-16 13:58:28"
486,1,MAT-000486,"Electronic Item-00486",Spec-3534,m,Electronic,1,"2026-07-16 13:58:28","2026-07-16 13:58:28"
487,1,MAT-000487,"Electronic Item-00487",Spec-9308,L,Electronic,1,"2026-07-16 13:58:28","2026-07-16 13:58:28"
488,1,MAT-000488,"FinishedGood Item-00488",Spec-4756,pair,FinishedGood,1,"2026-07-16 13:58:28","2026-07-16 13:58:28"
489,1,MAT-000489,"RawMaterial Item-00489",Spec-4120,pair,RawMaterial,1,"2026-07-16 13:58:28","2026-07-16 13:58:28"
490,1,MAT-000490,"SemiFinished Item-00490",Spec-1156,kg,SemiFinished,1,"2026-07-16 13:58:28","2026-07-16 13:58:28"
491,1,MAT-000491,"Chemical Item-00491",Spec-1019,kg,Chemical,1,"2026-07-16 13:58:28","2026-07-16 13:58:28"
492,1,MAT-000492,"Chemical Item-00492",Spec-3423,pcs,Chemical,1,"2026-07-16 13:58:28","2026-07-16 13:58:28"
493,1,MAT-000493,"Mechanical Item-00493",Spec-2726,roll,Mechanical,1,"2026-07-16 13:58:28","2026-07-16 13:58:28"
494,1,MAT-000494,"RawMaterial Item-00494",Spec-9401,pcs,RawMaterial,1,"2026-07-16 13:58:28","2026-07-16 13:58:28"
495,1,MAT-000495,"SemiFinished Item-00495",Spec-3148,pair,SemiFinished,1,"2026-07-16 13:58:28","2026-07-16 13:58:28"
496,1,MAT-000496,"Chemical Item-00496",Spec-4101,roll,Chemical,1,"2026-07-16 13:58:28","2026-07-16 13:58:28"
497,1,MAT-000497,"Electronic Item-00497",Spec-1788,m,Electronic,1,"2026-07-16 13:58:28","2026-07-16 13:58:28"
498,1,MAT-000498,"Packaging Item-00498",Spec-7186,kg,Packaging,1,"2026-07-16 13:58:28","2026-07-16 13:58:28"
499,1,MAT-000499,"Electronic Item-00499",Spec-5650,roll,Electronic,1,"2026-07-16 13:58:28","2026-07-16 13:58:28"
500,1,MAT-000500,"Chemical Item-00500",Spec-4065,set,Chemical,1,"2026-07-16 13:58:28","2026-07-16 13:58:28"
